genome_id,disk_CIP,mic_CIP,cip_resistant
B1,S,0.03,0
B2,R,>4,1
B3,S,0.008,0
B4,S,0.008,0
B6,S,0.008,0
B7,S,1,0
B8,S,4,0
B9,S,0.03,0
B10,S,0.015,0
B11,S,>4,0
B12,S,0.008,0
B13,S,0.008,0
B14,S,0.008,0
B15,R,1,1
B16,R,>4,1
B17,R,>4,1
B18,S,,0
B19,S,0.125,0
B20,S,0.125,0
B21,S,,0
B22,R,>4,1
B23,S,0.008,0
B24,S,0.008,0
B25,S,0.008,0
B27,S,0.008,0
B28,S,0.008,0
B29,S,0.008,0
B31,R,>4,1
B33,R,>4,1
B34,S,0.008,0
B35,R,>4,1
B37,S,0.008,0
B38,S,0.125,0
B39,R,>4,1
B40,R,,1
B42,S,0.0625,0
B43,R,>4,1
B44,S,0.03,0
B45,R,>4,1
B46,S,0.008,0
B47,R,>4,1
B48,R,>4,1
B49,R,>4,1
B50,S,0.008,0
B51,R,>4,1
B52,S,0.008,0
B53,S,0.008,0
B54,R,>4,1
B55,S,0.008,0
B57,R,0.25,1
B58,S,0.0625,0
B59,R,>4,1
B60,S,0.008,0
B61,R,>4,1
B63,R,0.5,1
B64,R,>4,1
B65,S,0.008,0
B66,S,0.008,0
B67,S,0.008,0
B69,S,0.008,0
B70,R,>4,1
B71,S,0.008,0
B72,S,0.0625,0
B73,R,>4,1
B74,S,0.008,0
B75,S,0.008,0
B77,S,0.125,0
B80,R,>4,1
B81,S,,0
C1,S,,0
C2,S,>4,0
C3,R,>4,1
C9,S,0.0625,0
C10,S,>4,0
C11,S,>4,0
C12,S,0.0625,0
C13,S,0.008,0
C16,S,>4,0
C18,S,0.0625,0
C19,R,>4,1
C20,R,>4,1
C22,S,0.03,0
C23,S,0.008,0
C24,R,>4,1
C25,S,0.008,0
C28,R,>4,1
C29,S,0.008,0
C30,R,>4,1
C31,S,0.008,0
C32,R,>4,1
C33,R,>4,1
C34,S,0.25,0
C36,R,>4,1
C37,S,0.008,0
C38,R,>4,1
C44,S,0.008,0
C45,S,0.125,0
C46,R,>4,1
C47,S,0.008,0
C49,R,>4,1
C50,S,0.008,0
C53,R,>4,1
C54,R,0.125,1
C55,R,>4,1
C57,S,0.008,0
C58,R,2,1
C59,R,>4,1
C60,S,0.015,0
C61,S,0.0625,0
C63,S,0.008,0
C65,S,0.125,0
C66,S,0.008,0
C68,S,0.25,0
C69,S,0.008,0
C70,S,0.015,0
C72,R,>4,1
C73,S,0.008,0
C75,R,>4,1
C76,S,0.008,0
C79,S,0.008,0
C81,R,,1
D1,S,0.008,0
D4,S,0.008,0
D8,R,0.5,1
D9,S,0.0625,0
D10,S,0.008,0
D11,R,>4,1
D13,R,>4,1
D14,R,>4,1
D15,R,>4,1
D16,S,0.008,0
D19,S,0.125,0
D20,R,>4,1
D21,S,0.008,0
D22,S,,0
D23,R,>4,1
D24,R,0.25,1
D26,R,,1
D28,S,0.008,0
D29,S,,0
D30,S,0.03,0
D31,S,0.008,0
D32,S,0.008,0
D34,R,>4,1
D35,S,0.125,0
D36,S,0.008,0
D38,S,0.0625,0
D39,S,0.008,0
D41,S,0.008,0
D42,S,0.008,0
D43,S,0.008,0
D46,S,0.008,0
D47,S,0.008,0
D48,S,0.008,0
D49,S,0.008,0
D50,S,0.008,0
D51,S,0.008,0
D55,S,0.008,0
D56,S,0.008,0
D58,S,0.008,0
D62,S,0.008,0
D63,R,>4,1
D64,S,0.008,0
D65,R,>4,1
D66,S,0.008,0
D67,S,0.008,0
D69,R,>4,1
D71,S,0.125,0
D73,R,>4,1
D75,S,0.0625,0
D77,S,0.125,0
D78,R,>4,1
D79,S,0.008,0
D80,R,>4,1
D81,R,>4,1
E1,S,0.125,0
E3,S,0.125,0
E4,S,0.008,0
E5,R,>4,1
E6,R,>4,1
E7,R,>4,1
E8,S,0.008,0
E9,S,0.008,0
E10,R,0.25,1
E11,S,0.008,0
E12,R,>4,1
E13,S,,0
E15,R,0.5,1
E16,R,>4,1
E17,R,>4,1
E18,R,>4,1
E19,R,>4,1
E20,S,0.008,0
E21,S,0.008,0
E22,R,0.25,1
E24,S,0.008,0
E25,S,0.008,0
E29,R,>4,1
E30,R,>4,1
E31,S,0.008,0
E33,R,>4,1
E34,S,0.125,0
E39,R,>4,1
E40,S,0.008,0
E41,S,0.008,0
E42,R,>4,1
E43,S,,0
E44,R,>4,1
E46,S,0.008,0
E47,R,>4,1
E49,R,>4,1
E50,S,0.008,0
E51,S,0.25,0
E52,S,0.008,0
E53,S,0.015,0
E54,R,1,1
E55,S,0.008,0
E56,R,>4,1
E57,S,0.25,0
E59,S,0.008,0
E61,R,>4,1
E62,S,0.008,0
E63,R,>4,1
E64,R,>4,1
E65,R,0.25,1
E66,R,>4,1
E67,S,0.008,0
E68,S,0.25,0
E69,S,0.0625,0
E70,R,>4,1
E71,R,,1
E72,R,>4,1
E73,S,0.008,0
E74,S,0.125,0
E75,S,0.125,0
E76,S,0.008,0
E77,R,>4,1
E78,R,>4,1
E79,R,>4,1
E80,S,0.125,0
E81,R,>4,1
F1,S,0.008,0
F2,S,0.008,0
F3,S,0.008,0
F4,R,>4,1
F5,R,>4,1
F6,R,>4,1
F7,S,0.008,0
F8,S,0.008,0
F9,R,>4,1
F10,R,>4,1
F11,R,>4,1
F13,S,0.008,0
F14,R,>4,1
F15,R,>4,1
F18,S,0.008,0
F19,S,0.008,0
F20,R,>4,1
F23,S,0.008,0
F25,S,0.008,0
F27,S,0.5,0
F28,S,0.008,0
F32,R,>4,1
F34,S,0.125,0
F35,S,0.125,0
F36,S,0.008,0
F37,S,0.008,0
F38,S,0.008,0
F39,S,0.008,0
F40,S,0.008,0
F41,R,>4,1
F42,S,0.008,0
F44,S,0.008,0
F45,S,0.008,0
F46,S,0.008,0
F47,S,0.008,0
F48,S,0.008,0
F49,S,0.25,0
F50,S,,0
F51,S,0.008,0
F52,S,0.008,0
F53,R,>4,1
F55,S,0.25,0
F56,S,0.015,0
F57,S,0.008,0
F58,S,0.008,0
F60,S,0.008,0
F61,S,0.008,0
F62,R,0.25,1
F63,S,0.008,0
F64,S,0.008,0
F66,R,2,1
F67,R,>4,1
F68,R,4,1
F69,R,>4,1
F70,S,0.008,0
F71,S,0.008,0
F72,S,0.008,0
F73,S,0.008,0
F74,S,0.008,0
F76,R,0.25,1
F78,R,>4,1
F79,S,0.008,0
F81,R,>4,1
G1,S,0.008,0
G2,S,0.008,0
G3,S,,0
G6,R,,1
G7,R,0.25,1
G8,S,0.03,0
G9,S,0.25,0
G10,R,,1
G12,S,0.008,0
G13,R,>4,1
G14,S,0.008,0
G18,S,0.008,0
G19,S,0.008,0
G21,R,>4,1
G22,S,0.008,0
G24,R,>4,1
G25,S,0.008,0
G26,S,0.0625,0
G27,S,0.008,0
G28,S,0.008,0
G29,S,0.008,0
G30,R,>4,1
G31,S,0.008,0
G32,S,0.008,0
G33,S,,0
G34,S,0.008,0
G35,S,,0
G37,S,0.25,0
G38,S,0.008,0
G39,S,0.008,0
G40,S,0.008,0
G41,S,0.008,0
G42,R,>4,1
G44,R,>4,1
G47,S,0.015,0
G48,R,>4,1
G49,S,,0
G50,S,0.25,0
G52,R,>4,1
G55,S,0.25,0
G56,S,0.008,0
G57,S,0.008,0
G58,S,0.25,0
G59,S,0.25,0
G60,R,>4,1
G61,R,>4,1
G62,R,>4,1
G63,S,0.5,0
G64,S,0.008,0
G65,R,>4,1
G66,S,0.008,0
G67,S,>4,0
G68,R,>4,1
G69,S,0.008,0
G70,S,0.008,0
G71,S,0.008,0
G72,R,>4,1
G73,R,>4,1
G74,S,0.008,0
G75,S,0.125,0
G76,S,0.125,0
G77,R,>4,1
G78,R,>4,1
G79,R,>4,1
G80,S,>4,0
G81,S,0.015,0
H1,R,0.5,1
H2,R,>4,1
H4,S,0.125,0
H5,S,0.008,0
H6,S,0.008,0
H7,R,>4,1
H8,R,>4,1
H10,S,0.008,0
H11,S,0.008,0
H12,R,>4,1
H13,S,0.008,0
H14,S,0.008,0
H15,S,,0
H16,R,>4,1
H17,S,>4,0
H18,R,>4,1
H19,S,0.008,0
H20,S,0.0625,0
H21,S,0.008,0
H22,S,0.125,0
H23,S,0.008,0
H24,S,0.008,0
H25,R,>4,1
H26,R,>4,1
H27,S,0.0625,0
H28,S,0.0625,0
H29,R,>4,1
H30,S,0.008,0
H31,R,,1
H32,R,>4,1
H33,S,0.008,0
H37,S,0.125,0
H40,R,>4,1
H41,S,0.008,0
H42,S,0.0625,0
H43,S,0.008,0
H44,R,1,1
H45,S,0.008,0
H46,S,0.015,0
H47,S,0.008,0
H48,S,0.008,0
H49,S,0.008,0
H52,R,>4,1
H50,S,0.125,0
H51,R,>4,1
H53,R,>4,1
H54,R,>4,1
H56,S,0.008,0
H57,S,0.008,0
H58,R,>4,1
H59,S,0.008,0
H60,R,>4,1
H61,S,0.008,0
H62,R,>4,1
H63,R,>4,1
H64,S,0.0625,0
H65,R,>4,1
H67,R,>4,1
H68,S,0.008,0
H69,R,>4,1
H70,S,0.008,0
H71,S,0.03,0
H72,R,>4,1
H73,S,0.0625,0
H74,R,>4,1
H75,R,>4,1
H76,R,>4,1
H77,S,0.0625,0
H78,S,0.008,0
H79,S,0.008,0
H80,R,>4,1
H81,R,>4,1
I1,R,4,1
I2,R,>4,1
I3,R,>4,1
I4,R,>4,1
I5,R,>4,1
I6,R,>4,1
I7,R,>4,1
I8,R,>4,1
I9,S,0.008,0
I10,R,>4,1
I12,R,>4,1
I14,R,,1
I15,S,0.0625,0
I16,R,>4,1
I17,S,0.008,0
I18,S,,0
I19,S,0.03,0
I20,S,0.008,0
I21,S,0.008,0
I23,S,>4,0
I24,S,0.008,0
I26,S,0.008,0
I27,S,0.008,0
I28,R,4,1
I34,R,>4,1
I35,S,0.008,0
I36,S,0.008,0
I39,R,>4,1
I40,S,0.008,0
I42,S,,0
I43,R,>4,1
I44,S,0.008,0
I45,S,0.008,0
I46,S,0.008,0
I47,S,0.008,0
I48,R,>4,1
I52,S,0.008,0
I53,S,0.008,0
I54,R,>4,1
I55,S,0.008,0
I56,S,0.008,0
I57,S,0.125,0
I58,S,0.008,0
I59,S,0.008,0
I60,S,0.008,0
I63,S,0.008,0
I64,R,>4,1
I65,R,>4,1
I66,S,0.008,0
I67,S,0.008,0
I68,S,0.008,0
I69,S,0.008,0
I71,R,>4,1
I72,S,0.015,0
I73,S,0.008,0
I74,R,0.125,1
I75,R,>4,1
I76,S,0.008,0
I77,S,0.008,0
I78,S,0.008,0
I79,S,0.125,0
I80,S,0.008,0
I81,S,>4,0
J1,R,>4,1
J2,R,0.5,1
J4,S,0.015,0
J5,S,>4,0
J6,S,0.008,0
J7,R,>4,1
J8,R,>4,1
J9,R,>4,1
J11,R,>4,1
J27,S,0.125,0
J12,R,>4,1
J13,S,0.008,0
J14,R,>4,1
J17,R,>4,1
J19,R,>4,1
J20,S,0.008,0
J21,S,0.008,0
J25,S,0.008,0
J29,S,0.0625,0
J30,R,>4,1
J31,R,>4,1
J33,S,0.008,0
J35,S,0.008,0
J36,S,0.008,0
J56,S,0.008,0
J57,S,0.008,0
J58,S,0.03,0
J59,S,0.008,0
J60,S,0.008,0
J61,S,0.008,0
J62,R,>4,1
J63,R,0.125,1
J64,S,0.03,0
J65,S,0.008,0
J66,R,>4,1
J67,R,>4,1
J68,R,>4,1
J70,R,>4,1
J71,R,>4,1
J72,S,0.008,0
J73,S,,0
J74,R,>4,1
J76,S,0.008,0
J77,R,>4,1
J78,S,0.125,0
J79,R,>4,1
J80,R,>4,1
J81,R,>4,1
K1,R,>4,1
K2,R,>4,1
K3,S,0.008,0
K4,S,,0
K5,R,>4,1
K6,R,>4,1
K7,R,>4,1
K10,S,,0
K11,S,0.008,0
K13,R,>4,1
K14,S,0.125,0
K15,S,0.008,0
K16,S,0.008,0
K17,R,>4,1
K18,S,,0
K19,S,0.008,0
K20,R,>4,1
K21,S,0.008,0
K22,S,0.008,0
K23,S,0.0625,0
K24,R,>4,1
K25,R,>4,1
K26,S,>4,0
K27,R,>4,1
K29,R,0.0625,1
K31,S,0.0625,0
K32,S,0.008,0
K33,S,0.0625,0
K34,S,0.008,0
K35,S,0.008,0
K36,R,>4,1
K58,S,0.008,0
K59,R,>4,1
K60,R,>4,1
K61,S,0.008,0
K62,R,>4,1
K63,S,0.03,0
K64,R,>4,1
K65,R,>4,1
K66,R,>4,1
K67,S,0.008,0
K68,S,0.008,0
K69,S,0.015,0
K70,S,0.008,0
K71,S,0.008,0
K72,S,0.008,0
K73,S,0.008,0
K74,S,0.008,0
K75,S,0.008,0
K76,R,>4,1
K77,S,0.008,0
K78,R,>4,1
K79,S,0.008,0
K80,S,0.125,0
K81,R,>4,1
L1,S,0.008,0
L2,S,,0
L4,S,0.008,0
L5,S,0.008,0
L6,S,0.008,0
L7,R,>4,1
L8,S,0.015,0
L9,R,>4,1
L10,S,0.008,0
L11,R,>4,1
L14,S,0.008,0
L15,S,0.008,0
L17,S,0.008,0
L18,S,0.008,0
L19,S,0.008,0
L22,R,>4,1
L23,S,0.008,0
L24,R,>4,1
L25,S,0.008,0
L32,S,0.008,0
L33,S,0.008,0
L35,S,,0
L36,S,0.008,0
L37,S,0.125,0
L38,R,>4,1
L39,S,0.125,0
L40,S,0.008,0
L41,S,0.008,0
L42,R,>4,1
L43,R,>4,1
L44,R,>4,1
L45,R,>4,1
L46,R,>4,1
L48,S,,0
L49,R,>4,1
L50,S,0.008,0
L51,R,>4,1
L52,R,>4,1
L53,R,>4,1
L54,R,>4,1
L55,R,>4,1
L56,R,>4,1
L57,S,0.008,0
L58,S,0.008,0
L59,R,>4,1
L60,R,>4,1
L62,R,>4,1
L63,S,0.008,0
L64,S,0.008,0
L65,R,>4,1
L66,S,0.008,0
L67,R,>4,1
L68,R,>4,1
L72,R,>4,1
L73,S,0.008,0
L81,R,>4,1
M1,R,>4,1
M14,S,0.008,0
M15,R,>4,1
M21,R,>4,1
M22,S,0.008,0
M24,S,0.008,0
M25,S,0.008,0
M28,S,0.008,0
M29,S,0.125,0
M30,S,0.008,0
M33,S,0.125,0
M34,R,>4,1
M35,S,0.008,0
M36,R,>4,1
M37,S,0.008,0
M38,S,0.008,0
M39,R,>4,1
M40,R,>4,1
M41,S,0.008,0
M42,S,0.015,0
M44,R,>4,1
B56,R,>4,1
B62,S,,0
C15,R,>4,1
C17,R,>4,1
C51,S,0.008,0
C64,S,0.008,0
E38,S,0.008,0
F16,S,0.008,0
F17,S,0.008,0
F26,R,>4,1
F29,R,>4,1
F30,S,0.008,0
F31,S,0.008,0
G11,S,0.008,0
G15,S,0.25,0
N1,S,,0
N2,S,0.008,0
N3,S,0.0625,0
N4,S,0.008,0
N5,S,0.125,0
N6,S,0.008,0
N7,S,0.008,0
N8,S,0.008,0
N9,S,0.008,0
N10,S,0.008,0
N11,S,0.008,0
N12,S,0.015,0
N14,S,0.0625,0
N15,S,0.008,0
N16,S,0.008,0
N17,S,0.008,0
N18,S,0.125,0
N19,S,0.008,0
N20,S,0.008,0
N22,S,0.008,0
N23,S,0.008,0
