Isolate_ID,blaCTX-M-15,blaCTX-M-14,blaTEM-1,blaSHV-12,gyrA_S83L,gyrA_D87N,parC_S80I,parC_E84K,aac(6')-Ib-cr,aph(3'')-Ib,aph(6)-Id,sul1,sul2,dfrA17,dfrA14,tet(A),tet(B),mph(A),erm(B),clpA,ftsI_mutation,AMR_Phenotype
EC_clinical_isolate_0001,1,0,0,0,1,1,0,0,0,1,0,0,0,1,0,1,0,1,0,0,0,1
EC_clinical_isolate_0002,1,0,1,0,0,0,0,0,0,1,1,1,1,0,0,1,1,0,0,1,1,0
EC_clinical_isolate_0003,0,0,0,1,1,1,1,0,0,0,1,0,1,0,0,0,0,1,0,1,0,1
EC_clinical_isolate_0004,0,0,0,0,0,0,0,1,1,1,0,0,1,1,0,0,0,1,1,1,0,0
EC_clinical_isolate_0005,0,0,0,1,1,1,0,0,0,1,1,0,1,1,1,1,1,1,0,0,0,1
EC_clinical_isolate_0006,0,0,1,1,0,1,0,0,1,1,0,0,1,0,0,0,1,1,0,1,1,0
EC_clinical_isolate_0007,1,0,0,0,1,1,0,0,1,1,1,1,0,0,0,1,1,1,0,1,0,1
EC_clinical_isolate_0008,0,1,1,0,0,1,0,0,0,1,0,0,1,1,0,1,0,1,0,1,0,0
EC_clinical_isolate_0009,1,0,0,0,1,1,0,1,1,0,0,0,0,1,0,1,0,1,1,0,1,1
EC_clinical_isolate_0010,0,0,0,1,1,1,0,0,0,0,1,1,1,1,0,1,1,0,0,1,1,1
EC_clinical_isolate_0011,1,0,0,0,1,0,0,1,0,0,1,1,0,0,0,1,1,0,1,1,0,1
EC_clinical_isolate_0012,1,0,0,0,1,1,1,0,0,0,1,1,0,0,1,1,0,0,1,1,0,1
EC_clinical_isolate_0013,0,0,1,0,1,1,1,0,0,1,1,0,1,0,0,1,1,1,0,0,0,1
EC_clinical_isolate_0014,0,0,0,1,1,0,1,0,0,0,1,0,1,1,0,1,0,1,0,1,0,1
EC_clinical_isolate_0015,0,0,0,1,0,1,0,0,0,1,0,0,0,1,0,1,0,1,0,0,0,1
EC_clinical_isolate_0016,0,0,0,0,0,1,0,0,0,0,1,0,1,0,1,1,0,1,0,1,0,0
EC_clinical_isolate_0017,0,0,0,0,0,1,0,0,0,0,1,0,0,0,0,1,1,1,0,0,0,0
EC_clinical_isolate_0018,0,0,0,0,0,0,1,0,0,1,1,0,1,0,1,0,1,1,0,0,0,0
EC_clinical_isolate_0019,0,1,0,0,0,0,1,0,1,1,0,0,1,1,1,1,1,0,0,1,1,1
EC_clinical_isolate_0020,0,0,1,1,1,0,1,1,0,0,1,0,0,1,1,1,1,1,1,0,0,1
EC_clinical_isolate_0021,0,0,0,0,0,1,0,0,0,0,0,1,1,0,0,1,0,0,0,1,0,0
EC_clinical_isolate_0022,0,1,0,0,1,0,1,0,0,0,1,0,1,0,1,1,1,0,1,1,1,1
EC_clinical_isolate_0023,0,0,1,0,0,1,0,0,0,0,1,0,0,0,1,1,1,0,0,1,0,0
EC_clinical_isolate_0024,0,0,0,1,0,0,0,0,0,0,1,1,1,0,0,1,1,0,0,1,0,0
EC_clinical_isolate_0025,1,0,1,1,1,1,0,0,0,0,1,0,0,1,1,1,0,0,0,1,0,1
EC_clinical_isolate_0026,0,0,0,0,1,0,0,1,0,1,0,0,1,1,1,1,1,1,0,0,0,1
EC_clinical_isolate_0027,0,1,1,1,1,1,0,1,0,1,1,1,0,0,1,1,1,0,1,1,0,1
EC_clinical_isolate_0028,0,0,0,0,1,0,0,0,1,1,1,1,0,0,1,0,1,1,1,0,0,0
EC_clinical_isolate_0029,0,1,1,0,0,1,0,0,0,1,0,0,0,1,1,1,1,0,0,1,0,0
EC_clinical_isolate_0030,0,0,1,0,1,0,0,0,0,0,1,0,0,0,1,1,1,0,1,1,0,1
EC_clinical_isolate_0031,0,0,0,0,0,1,1,0,0,1,0,0,1,0,1,1,0,1,0,1,0,0
EC_clinical_isolate_0032,0,0,1,0,0,1,0,0,0,0,1,0,0,1,1,0,1,1,0,0,0,0
EC_clinical_isolate_0033,1,0,0,1,0,0,0,0,0,1,1,0,0,1,1,0,1,1,0,0,0,0
EC_clinical_isolate_0034,1,0,0,0,0,1,1,0,0,0,1,0,1,1,0,1,1,1,0,1,0,1
EC_clinical_isolate_0035,1,1,0,0,0,1,1,0,0,0,0,0,0,0,0,0,0,1,0,0,1,1
EC_clinical_isolate_0036,0,0,0,0,1,0,0,0,0,1,1,0,0,0,1,1,0,1,0,1,0,1
EC_clinical_isolate_0037,0,1,0,0,1,1,0,0,0,1,1,0,1,0,0,1,1,1,0,1,0,0
EC_clinical_isolate_0038,1,0,0,1,0,0,0,0,1,1,1,0,1,0,1,1,0,1,0,0,1,0
EC_clinical_isolate_0039,0,1,0,0,0,1,0,0,0,1,0,0,0,1,1,0,0,0,0,0,0,0
EC_clinical_isolate_0040,0,0,1,0,0,1,0,1,0,0,0,0,0,0,1,1,1,1,1,1,1,0
EC_clinical_isolate_0041,0,0,1,1,0,0,1,0,0,0,0,0,1,1,1,1,0,1,0,1,1,0
EC_clinical_isolate_0042,0,1,0,0,1,1,0,1,0,0,1,0,0,0,1,1,0,1,0,0,0,0
EC_clinical_isolate_0043,1,0,0,0,0,1,1,0,0,1,1,0,0,0,0,1,0,1,0,0,1,1
EC_clinical_isolate_0044,0,0,0,0,1,1,1,0,0,1,1,0,0,1,1,1,0,0,0,0,0,1
EC_clinical_isolate_0045,0,0,0,0,0,1,1,0,0,0,1,0,0,0,0,0,1,0,0,0,1,0
EC_clinical_isolate_0046,0,0,0,1,1,1,0,0,0,1,1,0,1,0,0,1,0,0,0,1,0,1
EC_clinical_isolate_0047,0,1,0,1,0,1,1,1,0,1,1,0,1,0,0,1,0,1,0,1,0,0
EC_clinical_isolate_0048,0,0,0,0,1,1,0,0,1,0,0,0,1,0,0,1,1,0,1,1,1,0
EC_clinical_isolate_0049,0,0,1,1,0,1,0,0,0,1,1,0,1,0,0,1,1,0,0,1,0,0
EC_clinical_isolate_0050,1,0,0,0,1,1,0,0,0,1,1,0,0,0,0,1,0,1,0,0,1,1
EC_clinical_isolate_0051,1,0,0,0,0,1,0,1,1,1,1,0,0,1,1,0,1,1,0,1,0,0
EC_clinical_isolate_0052,1,0,0,0,0,1,0,0,0,0,1,0,1,1,1,1,1,0,0,1,0,0
EC_clinical_isolate_0053,1,0,0,0,1,1,0,1,0,0,1,0,0,0,0,1,1,1,0,1,0,1
EC_clinical_isolate_0054,0,0,0,0,1,1,0,1,0,0,1,1,0,0,0,1,1,0,0,1,0,1
EC_clinical_isolate_0055,1,0,0,0,1,1,0,0,0,0,1,0,1,0,1,1,1,0,0,1,0,1
EC_clinical_isolate_0056,0,0,0,1,1,0,0,1,0,1,0,0,1,0,1,1,0,0,0,1,0,1
EC_clinical_isolate_0057,0,0,0,0,1,1,0,1,0,0,1,1,0,0,1,1,0,1,1,0,0,0
EC_clinical_isolate_0058,0,0,1,0,0,1,1,0,0,1,1,1,1,1,0,1,0,1,0,1,1,0
EC_clinical_isolate_0059,0,0,1,0,0,0,0,0,0,0,0,0,1,0,1,0,1,1,0,1,0,0
EC_clinical_isolate_0060,0,0,0,0,0,1,0,0,0,0,1,0,0,1,0,1,1,1,0,1,1,0
EC_clinical_isolate_0061,0,0,0,0,1,1,0,0,1,0,1,0,1,1,1,1,1,0,0,1,0,0
EC_clinical_isolate_0062,1,0,0,0,0,0,0,0,0,1,0,0,0,1,0,0,0,0,0,1,0,1
EC_clinical_isolate_0063,0,0,0,1,0,0,0,0,0,1,1,0,0,0,0,0,0,1,0,1,0,0
EC_clinical_isolate_0064,0,0,0,0,1,0,0,0,0,0,1,0,1,0,0,1,1,0,0,1,1,1
EC_clinical_isolate_0065,0,0,0,0,1,1,1,0,0,1,1,0,1,1,0,0,1,1,0,1,0,1
EC_clinical_isolate_0066,0,0,0,0,0,0,0,0,0,0,0,0,0,0,0,1,1,1,0,1,0,0
EC_clinical_isolate_0067,1,0,0,0,0,0,0,1,0,0,1,0,0,1,1,1,1,1,0,1,1,0
EC_clinical_isolate_0068,0,0,0,0,0,1,0,0,1,0,0,1,0,0,1,1,1,0,0,0,0,0
EC_clinical_isolate_0069,1,0,1,1,0,0,1,0,0,0,1,1,1,0,1,1,1,0,1,1,1,1
EC_clinical_isolate_0070,1,1,1,0,0,0,0,0,0,1,1,0,0,1,0,1,1,1,0,1,0,0
EC_clinical_isolate_0071,0,0,1,0,1,0,0,0,0,0,1,0,0,1,0,0,0,1,0,1,0,0
EC_clinical_isolate_0072,0,0,0,0,1,1,1,1,0,0,0,0,0,1,1,0,1,0,1,0,0,1
EC_clinical_isolate_0073,1,0,1,0,1,1,0,0,0,0,0,0,0,1,1,0,1,1,0,1,0,1
EC_clinical_isolate_0074,1,0,0,0,0,0,0,0,0,1,0,1,0,0,0,0,1,0,0,0,1,1
EC_clinical_isolate_0075,1,0,1,1,1,1,0,1,1,0,0,1,1,0,0,1,1,0,0,1,1,1
EC_clinical_isolate_0076,1,1,0,0,0,1,0,1,0,1,1,0,0,1,1,1,1,1,0,0,0,0
EC_clinical_isolate_0077,0,0,1,1,1,1,0,0,0,0,1,0,0,0,0,0,1,1,1,1,1,1
EC_clinical_isolate_0078,0,0,0,0,1,0,0,1,0,0,1,0,1,1,0,0,1,1,0,0,0,0
EC_clinical_isolate_0079,0,0,1,1,0,0,0,0,0,1,1,0,1,0,1,1,0,1,1,0,0,0
EC_clinical_isolate_0080,1,0,1,0,0,1,0,0,0,0,0,0,0,0,1,1,1,0,0,1,0,0
EC_clinical_isolate_0081,0,0,0,0,1,1,0,0,1,1,0,0,0,0,1,0,1,1,1,0,0,0
EC_clinical_isolate_0082,0,0,0,0,0,0,1,0,1,0,0,0,1,0,0,1,0,0,0,1,0,1
EC_clinical_isolate_0083,0,0,1,1,1,1,1,1,0,1,1,0,0,1,0,0,1,1,1,1,0,1
EC_clinical_isolate_0084,0,0,0,0,0,0,0,0,0,0,1,0,1,1,1,0,1,1,1,1,0,0
EC_clinical_isolate_0085,0,0,1,0,1,1,0,0,1,1,0,1,0,0,1,0,1,0,0,0,1,1
EC_clinical_isolate_0086,1,0,0,0,0,1,0,1,0,0,0,0,0,0,0,1,1,1,0,1,1,0
EC_clinical_isolate_0087,0,0,0,1,0,0,0,0,0,0,1,0,0,0,0,0,0,1,0,0,0,0
EC_clinical_isolate_0088,1,0,0,0,1,1,0,1,0,0,1,0,1,0,0,0,1,1,1,1,0,1
EC_clinical_isolate_0089,0,0,0,1,0,0,1,1,0,0,1,0,1,0,0,0,1,1,0,1,0,0
EC_clinical_isolate_0090,0,0,1,0,0,1,0,0,0,0,1,0,0,0,1,1,0,0,0,0,1,0
EC_clinical_isolate_0091,1,0,0,0,0,0,0,0,1,0,0,0,0,0,1,0,0,0,1,1,0,0
EC_clinical_isolate_0092,1,0,0,0,0,1,0,0,1,1,1,1,0,0,0,0,1,0,0,0,0,0
EC_clinical_isolate_0093,0,0,0,1,0,0,0,0,0,1,1,0,0,0,0,1,1,0,0,1,1,0
EC_clinical_isolate_0094,1,0,0,0,0,1,0,0,0,1,0,0,1,0,1,0,1,1,1,1,0,0
EC_clinical_isolate_0095,0,0,1,1,1,0,0,0,1,1,1,0,0,0,0,1,1,1,0,1,0,0
EC_clinical_isolate_0096,0,0,1,0,0,1,0,1,0,0,1,1,1,0,1,0,0,1,0,1,0,0
EC_clinical_isolate_0097,0,0,0,0,1,0,1,0,0,0,0,1,1,0,1,0,0,1,0,1,0,1
EC_clinical_isolate_0098,0,0,1,0,0,1,0,1,0,0,1,0,1,1,1,1,0,1,0,1,1,0
EC_clinical_isolate_0099,0,0,1,0,0,0,1,0,0,1,0,0,1,0,0,0,1,0,0,1,0,0
EC_clinical_isolate_0100,0,1,0,1,1,0,1,0,0,0,0,0,0,1,0,0,0,1,0,1,0,1
EC_clinical_isolate_0101,0,0,1,1,0,1,0,1,0,0,1,0,0,0,0,1,1,1,0,1,0,0
EC_clinical_isolate_0102,0,0,0,1,1,0,1,0,0,1,0,0,0,1,0,1,1,1,0,1,0,1
EC_clinical_isolate_0103,0,0,0,1,0,0,0,0,1,0,1,0,0,0,0,1,1,0,0,0,0,0
EC_clinical_isolate_0104,1,1,1,0,1,1,1,0,0,1,1,0,0,1,1,1,1,1,0,0,0,1
EC_clinical_isolate_0105,0,0,0,0,1,1,0,0,0,1,0,0,0,0,1,1,1,0,0,0,0,1
EC_clinical_isolate_0106,0,0,1,1,1,1,0,0,0,0,1,0,1,1,1,1,0,1,0,1,0,1
EC_clinical_isolate_0107,1,0,1,0,1,1,0,0,0,0,1,1,0,0,0,1,0,1,0,0,0,1
EC_clinical_isolate_0108,0,0,0,1,1,1,0,0,0,0,1,0,1,0,1,1,0,0,0,1,0,0
EC_clinical_isolate_0109,0,0,1,0,0,0,1,1,0,1,1,0,1,1,1,0,1,1,1,1,1,1
EC_clinical_isolate_0110,0,1,0,0,0,1,0,1,0,0,0,0,1,0,0,0,0,1,0,1,0,0
EC_clinical_isolate_0111,0,0,0,1,1,1,0,0,0,1,1,0,0,1,1,1,1,1,0,1,1,1
EC_clinical_isolate_0112,1,0,0,0,0,1,0,1,1,1,1,0,0,0,0,1,0,1,0,0,0,1
EC_clinical_isolate_0113,1,0,1,0,0,0,1,0,0,0,1,0,0,0,0,1,0,0,1,1,1,1
EC_clinical_isolate_0114,0,0,0,0,1,1,0,0,0,0,0,0,0,1,0,1,0,1,0,1,0,1
EC_clinical_isolate_0115,1,0,0,0,0,0,0,0,0,1,1,0,0,0,1,1,1,1,1,1,0,0
EC_clinical_isolate_0116,1,0,1,0,1,0,0,0,0,0,0,0,1,0,1,1,1,0,0,1,0,1
EC_clinical_isolate_0117,0,0,1,0,1,0,0,0,1,1,1,0,0,1,0,0,1,1,0,0,0,1
EC_clinical_isolate_0118,1,0,1,1,1,1,0,0,1,0,1,1,0,1,0,1,1,1,0,1,1,1
EC_clinical_isolate_0119,0,0,0,1,1,1,0,0,0,1,1,0,1,1,0,0,1,0,0,0,0,0
EC_clinical_isolate_0120,1,0,0,0,0,1,0,1,0,1,1,0,0,0,0,1,1,0,0,1,0,0
EC_clinical_isolate_0121,1,1,0,0,0,1,1,0,0,1,0,0,0,0,0,1,1,0,0,0,1,1
EC_clinical_isolate_0122,0,0,1,1,1,0,0,0,0,0,0,1,1,0,0,1,1,1,0,1,0,0
EC_clinical_isolate_0123,0,1,0,0,0,0,0,1,1,0,0,0,0,0,0,0,1,1,0,0,0,0
EC_clinical_isolate_0124,0,0,0,0,1,0,0,0,0,1,0,0,1,1,1,1,1,0,0,1,0,1
EC_clinical_isolate_0125,0,0,1,0,1,1,1,0,1,0,0,1,0,0,0,0,1,1,0,0,0,1
EC_clinical_isolate_0126,1,0,0,0,0,1,1,1,0,0,1,0,1,0,1,0,1,0,0,1,1,1
EC_clinical_isolate_0127,1,0,1,0,0,1,0,0,0,1,1,0,0,0,0,1,1,1,1,1,0,0
EC_clinical_isolate_0128,0,0,1,1,1,0,0,0,0,0,0,0,0,1,0,0,0,1,0,0,0,1
EC_clinical_isolate_0129,0,0,1,0,1,0,0,0,0,0,1,1,1,1,0,0,1,1,0,0,0,0
EC_clinical_isolate_0130,0,0,0,0,1,0,0,1,0,0,1,0,0,0,0,0,0,0,0,1,0,0
EC_clinical_isolate_0131,0,0,0,0,0,1,0,0,0,1,1,0,0,0,0,1,1,1,0,0,0,0
EC_clinical_isolate_0132,0,1,1,0,1,1,0,1,0,1,1,0,0,1,1,0,1,1,0,1,0,1
EC_clinical_isolate_0133,0,1,1,0,1,1,0,0,0,0,0,0,0,0,1,1,1,1,0,1,0,1
EC_clinical_isolate_0134,1,0,1,1,1,1,1,0,1,0,1,0,0,0,0,1,0,1,0,0,1,1
EC_clinical_isolate_0135,0,0,0,1,1,1,0,1,0,0,1,0,1,0,0,1,0,0,0,0,0,1
EC_clinical_isolate_0136,0,0,1,0,0,0,0,0,0,1,0,0,1,0,1,1,0,1,0,1,0,0
EC_clinical_isolate_0137,1,0,1,1,0,0,0,0,0,0,0,0,1,0,0,1,0,1,0,0,0,0
EC_clinical_isolate_0138,0,0,1,1,1,1,0,0,1,1,0,0,0,1,1,0,1,1,0,0,1,1
EC_clinical_isolate_0139,1,0,1,1,0,1,0,1,0,0,0,1,0,0,1,0,1,1,0,0,0,0
EC_clinical_isolate_0140,1,0,1,0,1,0,0,0,0,1,1,0,1,0,1,1,1,1,0,0,1,1
EC_clinical_isolate_0141,0,1,0,0,1,1,0,0,1,0,1,1,1,1,0,1,1,0,0,0,1,0
EC_clinical_isolate_0142,0,0,0,0,1,1,0,0,0,1,0,0,0,1,0,0,0,0,1,1,1,0
EC_clinical_isolate_0143,0,0,0,0,1,1,1,1,0,0,1,0,0,0,0,0,0,0,0,1,0,1
EC_clinical_isolate_0144,0,0,0,0,1,1,0,0,0,0,1,0,0,0,1,1,0,0,0,1,0,1
EC_clinical_isolate_0145,0,0,0,0,1,1,0,0,1,1,0,0,0,0,1,1,1,1,0,0,0,0
EC_clinical_isolate_0146,0,0,0,1,0,1,0,0,0,1,0,1,1,0,1,1,1,1,0,0,1,0
EC_clinical_isolate_0147,0,1,0,1,0,0,0,0,0,0,0,1,0,0,1,1,1,1,1,1,1,0
EC_clinical_isolate_0148,0,0,0,1,0,0,0,0,0,1,1,0,1,0,1,1,0,1,1,1,1,0
EC_clinical_isolate_0149,0,1,0,0,1,0,1,0,1,1,0,0,0,0,1,1,0,1,0,0,0,1
EC_clinical_isolate_0150,1,0,1,0,1,0,1,0,0,1,1,0,0,0,1,1,1,0,0,1,0,1
EC_clinical_isolate_0151,0,0,1,0,1,1,1,1,0,0,1,0,1,0,1,1,0,0,0,1,0,1
EC_clinical_isolate_0152,0,0,0,0,0,1,0,1,1,0,1,0,0,0,0,1,1,0,0,1,0,0
EC_clinical_isolate_0153,0,0,1,0,1,0,1,0,0,0,0,0,0,0,0,0,0,1,1,0,0,1
EC_clinical_isolate_0154,1,1,0,0,0,1,0,1,1,0,0,0,1,0,1,0,0,0,0,1,0,0
EC_clinical_isolate_0155,0,1,0,0,1,0,0,0,1,1,1,0,1,0,0,1,1,0,0,1,1,0
EC_clinical_isolate_0156,1,0,0,1,1,0,0,1,1,0,1,1,1,0,0,1,0,1,0,1,0,0
EC_clinical_isolate_0157,1,0,0,0,0,0,1,0,0,0,1,1,0,0,1,0,1,1,0,1,1,1
EC_clinical_isolate_0158,0,0,1,1,0,1,0,0,0,1,1,0,0,0,1,0,1,1,1,0,1,0
EC_clinical_isolate_0159,1,1,1,0,1,0,0,1,1,1,0,1,1,0,1,1,1,1,0,1,0,1
EC_clinical_isolate_0160,0,0,0,0,1,1,0,1,1,0,0,0,0,1,0,1,1,1,0,1,0,0
EC_clinical_isolate_0161,0,0,0,0,0,1,0,0,0,0,1,0,1,1,1,0,1,1,0,1,0,0
EC_clinical_isolate_0162,0,0,0,0,1,1,0,0,1,1,0,0,0,0,0,0,0,1,0,1,0,0
EC_clinical_isolate_0163,0,0,0,0,1,0,1,0,0,0,1,0,0,1,1,1,1,1,1,1,0,1
EC_clinical_isolate_0164,0,0,0,0,1,0,0,0,0,1,1,0,1,0,0,0,1,0,1,0,0,1
EC_clinical_isolate_0165,1,0,0,0,0,0,0,0,0,1,1,1,0,0,1,1,0,0,1,0,1,0
EC_clinical_isolate_0166,0,1,1,0,1,1,0,0,1,0,0,1,0,1,1,0,1,0,0,1,0,1
EC_clinical_isolate_0167,0,0,1,0,1,0,0,1,0,1,1,0,0,0,0,0,1,1,0,0,1,1
EC_clinical_isolate_0168,0,0,0,1,1,1,0,0,0,1,1,0,0,1,1,0,1,1,0,0,1,1
EC_clinical_isolate_0169,0,1,1,0,1,1,0,0,1,0,0,0,0,0,1,0,1,0,0,1,0,0
EC_clinical_isolate_0170,1,0,0,1,0,1,0,0,0,1,0,0,0,0,0,0,1,0,0,1,0,0
EC_clinical_isolate_0171,0,1,0,0,1,1,0,0,0,1,1,0,0,0,0,0,1,1,0,0,1,0
EC_clinical_isolate_0172,0,0,0,1,0,0,0,0,0,1,1,0,1,0,0,1,1,1,0,1,0,0
EC_clinical_isolate_0173,0,0,0,1,0,0,0,0,0,1,1,0,0,0,0,0,1,1,0,0,0,0
EC_clinical_isolate_0174,0,1,1,0,0,0,0,1,0,0,0,0,1,0,1,1,1,1,0,0,1,0
EC_clinical_isolate_0175,0,0,0,0,0,1,0,1,1,0,1,0,0,0,1,0,1,1,0,0,0,0
EC_clinical_isolate_0176,1,0,0,1,1,0,1,0,0,0,1,0,1,1,0,1,0,1,1,0,1,1
EC_clinical_isolate_0177,0,0,1,0,0,0,0,0,1,0,1,0,0,1,0,0,1,0,0,1,0,0
EC_clinical_isolate_0178,1,0,0,0,1,1,0,0,0,0,1,0,1,0,0,0,1,0,0,1,0,0
EC_clinical_isolate_0179,0,0,1,0,1,0,0,1,0,1,1,0,1,0,0,1,1,1,1,1,1,0
EC_clinical_isolate_0180,0,0,0,1,1,1,0,1,0,1,1,0,1,1,0,1,1,1,0,0,1,0
EC_clinical_isolate_0181,0,1,0,1,0,1,1,0,0,1,0,0,1,0,0,1,1,1,0,1,0,0
EC_clinical_isolate_0182,1,0,0,0,1,0,0,0,0,1,1,1,0,0,0,1,0,1,0,0,1,1
EC_clinical_isolate_0183,1,0,0,0,1,0,0,1,0,1,1,0,1,0,1,1,0,1,0,0,1,1
EC_clinical_isolate_0184,0,0,0,0,1,0,0,0,0,0,0,0,1,1,1,1,1,0,0,1,0,0
EC_clinical_isolate_0185,0,0,1,0,1,1,0,0,0,1,1,0,1,0,0,1,1,1,1,1,0,0
EC_clinical_isolate_0186,1,0,0,1,1,1,1,1,0,0,1,0,0,0,1,1,1,1,0,0,0,1
EC_clinical_isolate_0187,0,1,1,0,1,1,0,1,0,1,0,0,1,0,1,1,1,1,0,0,0,1
EC_clinical_isolate_0188,0,0,1,0,0,1,0,0,1,1,0,0,0,0,1,1,1,1,0,1,0,0
EC_clinical_isolate_0189,0,0,1,0,1,1,0,0,0,0,1,1,0,0,0,0,0,0,0,1,0,1
EC_clinical_isolate_0190,0,0,0,1,0,0,0,0,0,1,0,0,0,0,1,0,0,0,0,1,0,0
EC_clinical_isolate_0191,1,0,0,0,1,0,1,0,1,0,1,0,0,0,1,1,0,1,0,1,1,1
EC_clinical_isolate_0192,1,0,0,0,0,1,0,0,1,0,0,0,1,0,0,1,1,1,0,1,1,0
EC_clinical_isolate_0193,0,0,1,0,0,0,0,0,0,1,1,0,1,0,0,1,0,0,0,0,0,0
EC_clinical_isolate_0194,0,0,0,0,1,0,0,0,0,0,0,0,1,1,1,1,1,1,0,1,1,0
EC_clinical_isolate_0195,0,0,0,0,1,1,0,1,0,0,0,0,1,1,1,0,0,1,0,0,0,0
EC_clinical_isolate_0196,1,0,0,0,0,1,0,0,0,1,1,1,0,0,1,0,1,1,0,0,0,1
EC_clinical_isolate_0197,1,0,0,0,1,1,0,0,1,1,1,0,1,0,1,0,0,1,0,1,0,1
EC_clinical_isolate_0198,1,0,0,1,1,1,0,0,0,1,0,1,0,0,1,1,1,0,0,1,1,1
EC_clinical_isolate_0199,1,0,0,1,0,0,0,0,0,1,0,0,1,0,0,1,1,0,0,0,1,0
EC_clinical_isolate_0200,0,0,1,1,1,1,0,0,1,0,1,0,1,1,0,0,0,1,1,1,1,0
EC_clinical_isolate_0201,0,0,0,0,0,0,1,0,0,0,1,0,1,0,1,1,1,1,1,1,1,1
EC_clinical_isolate_0202,0,0,0,1,1,0,0,1,0,1,1,0,0,1,0,0,0,1,0,0,0,0
EC_clinical_isolate_0203,1,0,0,0,1,1,0,0,1,1,1,1,1,1,0,0,1,1,0,0,1,1
EC_clinical_isolate_0204,0,0,0,0,0,0,0,1,0,0,1,0,0,1,1,1,1,1,0,0,0,0
EC_clinical_isolate_0205,0,1,0,0,0,1,0,1,1,1,1,0,0,0,1,0,1,1,0,0,0,0
EC_clinical_isolate_0206,0,0,1,0,0,0,0,0,1,1,1,1,1,0,0,1,1,1,0,1,1,0
EC_clinical_isolate_0207,1,0,0,0,1,1,1,0,0,1,1,1,0,0,0,1,0,1,0,1,1,1
EC_clinical_isolate_0208,0,1,1,0,1,0,0,1,0,1,0,0,1,1,0,1,1,0,0,1,0,1
EC_clinical_isolate_0209,0,0,0,0,1,1,0,1,0,0,0,1,0,1,0,0,1,1,0,0,0,0
EC_clinical_isolate_0210,0,0,0,0,0,1,0,0,0,1,0,0,0,0,1,1,0,1,0,0,0,0
EC_clinical_isolate_0211,1,0,1,0,0,0,0,0,0,1,0,1,1,0,0,1,1,1,0,0,0,1
EC_clinical_isolate_0212,0,0,0,0,0,0,0,0,0,0,0,0,0,0,1,1,0,1,0,0,0,0
EC_clinical_isolate_0213,0,0,0,0,0,1,0,1,1,1,1,1,0,0,1,1,1,1,0,0,0,0
EC_clinical_isolate_0214,1,1,0,1,1,0,0,0,0,0,1,1,0,0,1,0,1,1,0,1,0,1
EC_clinical_isolate_0215,0,0,0,1,1,1,0,0,0,0,1,0,0,0,0,0,0,1,1,0,1,0
EC_clinical_isolate_0216,0,0,1,0,1,1,0,1,0,1,0,1,1,0,0,1,0,1,0,1,1,1
EC_clinical_isolate_0217,1,0,0,0,0,0,0,0,1,0,0,0,0,1,0,1,1,0,1,1,0,1
EC_clinical_isolate_0218,0,1,1,0,1,0,0,0,0,0,1,0,1,0,0,0,1,1,0,1,1,0
EC_clinical_isolate_0219,1,0,1,1,1,0,0,0,0,1,0,0,1,0,1,0,1,1,0,0,0,1
EC_clinical_isolate_0220,0,0,0,0,1,1,0,1,1,0,1,1,0,0,0,1,1,0,0,1,0,0
EC_clinical_isolate_0221,0,0,1,0,1,0,0,0,0,0,1,0,1,1,1,0,0,1,0,1,0,0
EC_clinical_isolate_0222,0,0,0,0,0,1,0,0,0,0,0,0,1,0,0,0,1,0,0,0,0,0
EC_clinical_isolate_0223,0,1,1,0,0,1,0,0,1,0,0,0,0,1,0,0,1,0,0,1,0,0
EC_clinical_isolate_0224,0,1,0,0,1,1,0,0,0,1,1,1,0,0,1,0,1,0,0,1,0,1
EC_clinical_isolate_0225,0,0,1,1,0,1,0,0,1,1,1,0,0,1,1,1,1,0,0,1,0,0
EC_clinical_isolate_0226,1,1,0,0,0,1,0,0,0,1,1,1,1,1,0,0,0,0,0,0,0,1
EC_clinical_isolate_0227,0,0,0,0,1,1,0,0,0,1,1,1,1,0,0,0,0,0,1,1,1,0
EC_clinical_isolate_0228,1,1,0,1,1,0,0,1,1,0,0,0,0,1,0,0,0,1,0,1,0,0
EC_clinical_isolate_0229,0,0,1,1,1,1,1,1,0,1,1,0,1,0,1,0,1,0,0,1,1,1
EC_clinical_isolate_0230,1,0,0,0,0,1,0,0,0,1,0,0,1,0,0,1,1,0,0,1,0,1
EC_clinical_isolate_0231,0,0,0,0,0,1,0,0,1,1,0,1,1,0,1,0,1,0,0,1,1,0
EC_clinical_isolate_0232,0,0,1,0,1,1,0,0,1,1,1,0,1,0,1,1,0,1,0,0,0,1
EC_clinical_isolate_0233,0,0,1,1,1,1,0,1,1,1,1,0,0,1,1,0,0,1,0,1,1,1
EC_clinical_isolate_0234,0,0,1,0,1,1,0,0,0,1,0,1,1,1,0,0,0,1,0,1,1,1
EC_clinical_isolate_0235,1,0,1,1,1,1,0,0,0,0,0,0,1,0,0,0,1,0,0,0,0,1
EC_clinical_isolate_0236,0,0,1,0,1,0,0,0,0,1,0,0,1,0,1,0,1,0,0,0,0,0
EC_clinical_isolate_0237,0,0,1,0,1,1,0,0,0,0,0,1,1,0,0,1,0,1,1,1,0,1
EC_clinical_isolate_0238,0,0,0,0,0,1,0,0,1,0,0,0,0,0,0,1,1,1,0,1,1,0
EC_clinical_isolate_0239,0,1,0,0,1,1,0,0,0,0,1,1,0,0,0,1,0,0,0,0,0,1
EC_clinical_isolate_0240,1,0,1,0,1,1,0,0,0,0,1,0,0,1,0,0,0,1,0,0,0,1
EC_clinical_isolate_0241,1,0,0,0,1,0,0,0,0,0,1,1,1,0,0,0,0,0,0,1,0,1
EC_clinical_isolate_0242,1,0,0,0,1,1,0,0,0,0,1,0,0,0,0,0,0,0,0,1,0,0
EC_clinical_isolate_0243,0,1,0,1,1,1,0,0,1,1,1,0,1,1,1,1,0,1,0,0,0,1
EC_clinical_isolate_0244,0,0,1,0,0,0,0,0,0,1,1,1,1,0,1,0,0,1,0,1,1,0
EC_clinical_isolate_0245,1,0,0,1,1,1,0,0,0,1,1,0,1,0,0,0,1,0,1,0,0,1
EC_clinical_isolate_0246,0,1,0,0,0,0,0,0,1,0,0,0,0,0,0,0,1,0,0,0,1,0
EC_clinical_isolate_0247,1,1,0,0,1,0,0,0,0,1,1,1,1,0,1,0,1,1,1,1,0,1
EC_clinical_isolate_0248,1,0,0,0,0,0,1,0,0,1,1,0,1,1,1,1,1,1,0,0,0,0
EC_clinical_isolate_0249,1,0,0,0,0,1,1,0,0,0,1,1,1,0,0,1,0,1,0,1,0,1
EC_clinical_isolate_0250,0,0,0,1,0,1,0,0,0,1,1,0,0,0,1,1,1,1,0,0,1,0
EC_clinical_isolate_0251,0,1,0,0,1,1,0,0,0,1,1,0,0,0,1,1,0,1,0,1,0,0
EC_clinical_isolate_0252,1,0,1,0,0,1,0,1,1,0,1,0,0,0,0,1,0,1,0,0,0,1
EC_clinical_isolate_0253,0,0,0,0,0,1,0,0,0,1,0,0,0,1,1,0,0,0,0,1,0,0
EC_clinical_isolate_0254,0,1,1,0,1,0,0,0,1,1,1,0,0,1,1,1,0,1,0,1,0,1
EC_clinical_isolate_0255,0,0,1,0,0,0,0,0,1,0,1,0,1,1,1,0,1,1,0,1,1,0
EC_clinical_isolate_0256,1,0,0,1,1,1,1,0,0,0,0,1,1,0,0,1,0,0,0,1,0,1
EC_clinical_isolate_0257,1,0,1,1,1,0,0,0,0,0,0,0,0,0,0,1,0,1,0,1,0,1
EC_clinical_isolate_0258,0,0,0,0,1,1,0,0,0,0,1,0,0,0,1,1,0,0,0,1,0,0
EC_clinical_isolate_0259,0,0,1,0,0,1,0,0,0,0,0,0,1,0,0,1,0,0,0,1,0,0
EC_clinical_isolate_0260,0,0,0,0,1,1,1,0,1,0,1,0,0,0,1,1,0,0,1,1,0,1
EC_clinical_isolate_0261,1,0,1,0,0,1,0,0,0,0,0,0,1,0,0,0,0,1,0,1,0,0
EC_clinical_isolate_0262,0,0,0,0,1,0,0,1,0,1,1,0,0,1,0,0,0,0,0,1,0,1
EC_clinical_isolate_0263,0,1,0,0,0,0,0,1,0,0,1,0,0,0,0,0,1,0,0,1,0,0
EC_clinical_isolate_0264,1,0,0,0,1,1,1,0,0,0,0,0,0,0,1,1,0,1,1,0,0,1
EC_clinical_isolate_0265,1,1,1,0,0,0,0,0,0,0,1,0,1,0,1,1,0,1,0,1,0,1
EC_clinical_isolate_0266,1,0,1,0,1,1,1,0,0,0,1,0,0,0,0,0,1,1,0,0,0,1
EC_clinical_isolate_0267,1,1,0,0,1,0,0,0,0,0,1,0,1,0,1,0,1,0,0,0,0,1
EC_clinical_isolate_0268,0,0,0,0,1,1,0,0,0,0,1,1,0,0,0,1,0,1,0,1,0,1
EC_clinical_isolate_0269,0,0,0,0,0,1,0,0,0,0,1,0,0,0,1,1,0,1,0,1,0,1
EC_clinical_isolate_0270,1,0,1,1,1,1,0,0,0,1,1,0,1,0,1,1,1,0,1,1,1,1
EC_clinical_isolate_0271,1,1,0,0,1,0,0,0,0,1,1,0,0,1,1,0,0,1,0,1,0,1
EC_clinical_isolate_0272,1,0,1,0,1,0,1,0,0,0,0,0,1,0,1,1,1,1,1,0,0,1
EC_clinical_isolate_0273,1,0,0,0,0,1,0,0,0,0,1,1,0,1,0,1,0,0,0,1,0,0
EC_clinical_isolate_0274,0,0,0,1,1,0,0,1,0,1,0,1,0,0,0,0,1,1,1,1,0,1
EC_clinical_isolate_0275,0,0,0,0,0,1,0,0,1,1,1,0,1,0,1,1,1,1,1,0,1,0
EC_clinical_isolate_0276,1,0,0,0,0,1,0,0,0,0,1,0,1,1,0,1,1,1,0,0,0,0
EC_clinical_isolate_0277,0,0,0,0,0,1,0,0,0,1,0,0,0,0,1,0,0,1,0,1,0,0
EC_clinical_isolate_0278,1,0,0,1,1,1,0,0,1,1,0,0,1,0,1,1,0,1,0,1,1,1
EC_clinical_isolate_0279,1,0,1,1,0,0,0,0,1,0,0,1,0,1,0,1,0,0,0,1,1,0
EC_clinical_isolate_0280,1,0,0,0,0,1,0,0,0,1,1,0,1,0,1,1,1,1,0,1,1,1
EC_clinical_isolate_0281,0,0,0,1,1,1,1,0,0,1,1,0,1,0,1,0,1,1,0,1,0,1
EC_clinical_isolate_0282,0,0,0,1,1,1,0,0,0,1,1,0,0,0,1,1,1,1,0,0,1,1
EC_clinical_isolate_0283,0,0,0,1,0,1,1,0,0,0,1,0,0,1,0,0,1,1,0,1,0,1
EC_clinical_isolate_0284,0,0,0,0,1,1,0,0,1,0,0,0,0,1,0,1,0,0,1,0,0,0
EC_clinical_isolate_0285,0,0,0,0,0,0,0,0,0,0,1,1,0,0,0,1,1,1,0,0,0,0
EC_clinical_isolate_0286,0,0,0,0,0,1,0,0,0,0,1,0,0,0,1,0,1,1,0,1,0,0
EC_clinical_isolate_0287,0,0,0,1,0,1,0,0,0,1,1,0,1,0,1,0,0,1,0,1,0,0
EC_clinical_isolate_0288,0,0,0,0,1,0,1,0,0,1,0,0,1,0,1,1,0,1,0,1,1,1
EC_clinical_isolate_0289,0,0,0,0,0,1,0,1,0,1,1,0,0,0,0,1,0,1,0,1,0,0
EC_clinical_isolate_0290,0,0,0,0,0,1,0,0,1,1,1,0,0,0,0,1,1,1,0,0,1,0
EC_clinical_isolate_0291,0,0,0,1,0,0,1,0,0,0,1,0,1,0,1,1,1,1,0,0,0,0
EC_clinical_isolate_0292,1,0,1,1,1,0,0,0,0,1,0,0,1,0,1,1,1,1,0,0,0,1
EC_clinical_isolate_0293,0,0,0,0,0,1,0,1,0,1,1,0,0,1,1,1,1,1,0,1,0,0
EC_clinical_isolate_0294,0,0,1,1,0,0,0,1,0,0,1,1,0,0,1,0,1,0,0,1,0,0
EC_clinical_isolate_0295,0,0,0,0,0,1,1,0,0,1,0,0,0,0,1,0,0,1,0,1,0,1
EC_clinical_isolate_0296,1,0,1,1,1,1,0,0,1,0,1,1,0,0,1,1,1,1,0,0,0,1
EC_clinical_isolate_0297,0,0,1,0,1,1,0,0,0,1,1,0,0,1,1,1,1,0,0,1,0,0
EC_clinical_isolate_0298,0,1,0,0,1,1,0,0,1,0,0,0,0,1,0,0,1,1,0,1,0,1
EC_clinical_isolate_0299,0,0,1,1,0,1,1,1,0,0,1,0,0,1,1,1,1,0,1,1,0,0
EC_clinical_isolate_0300,0,0,0,0,0,1,0,0,0,1,1,1,1,0,1,1,1,1,0,1,0,0
EC_clinical_isolate_0301,0,0,0,1,0,1,0,0,0,1,1,0,0,1,0,0,0,1,0,1,0,0
EC_clinical_isolate_0302,0,0,1,0,0,0,0,0,0,0,0,0,0,0,0,1,0,1,0,0,0,0
EC_clinical_isolate_0303,0,0,1,0,0,1,1,1,1,0,0,0,0,0,0,1,1,1,0,0,0,0
EC_clinical_isolate_0304,1,0,0,0,1,1,1,0,0,0,1,0,1,0,0,0,1,0,0,0,1,1
EC_clinical_isolate_0305,1,0,0,0,1,0,1,0,0,1,0,0,1,1,0,0,1,1,0,0,1,1
EC_clinical_isolate_0306,0,0,0,0,1,1,0,0,0,1,1,1,0,1,0,1,0,0,0,0,1,1
EC_clinical_isolate_0307,0,0,0,0,1,1,0,1,1,1,0,0,0,1,0,1,0,0,0,0,0,0
EC_clinical_isolate_0308,1,0,1,0,1,0,0,1,0,0,0,0,1,1,0,0,1,1,0,0,1,1
EC_clinical_isolate_0309,0,0,0,0,1,0,1,0,0,1,1,0,0,0,1,0,1,1,1,1,0,1
EC_clinical_isolate_0310,0,0,0,1,0,1,0,0,0,0,1,0,0,0,0,0,1,0,0,1,0,0
EC_clinical_isolate_0311,0,1,0,1,1,1,0,1,0,1,1,0,0,0,1,1,0,1,0,1,0,1
EC_clinical_isolate_0312,0,0,0,0,1,1,1,0,0,0,0,1,1,1,0,0,1,1,0,0,1,1
EC_clinical_isolate_0313,1,0,0,1,1,1,0,0,1,0,1,0,1,0,0,0,1,1,1,0,0,1
EC_clinical_isolate_0314,1,0,1,0,1,0,0,1,0,1,0,1,1,1,0,1,1,1,0,0,0,1
EC_clinical_isolate_0315,1,0,1,0,0,1,0,0,0,0,1,1,0,0,1,1,0,1,0,1,1,0
EC_clinical_isolate_0316,0,1,1,1,0,1,0,0,0,1,1,0,1,0,1,1,0,1,0,1,0,0
EC_clinical_isolate_0317,0,0,0,1,1,1,1,1,0,1,0,0,1,0,0,0,1,0,0,0,0,1
EC_clinical_isolate_0318,0,1,1,0,0,0,0,0,0,0,1,0,1,0,1,1,0,1,0,1,0,0
EC_clinical_isolate_0319,0,0,1,1,1,0,0,0,1,0,0,1,0,1,0,0,1,1,0,0,0,1
EC_clinical_isolate_0320,0,1,1,0,1,0,0,0,1,1,1,0,0,0,1,1,1,0,0,1,1,1
EC_clinical_isolate_0321,1,0,0,1,1,1,0,0,1,1,1,0,1,0,1,1,1,0,1,0,0,1
EC_clinical_isolate_0322,0,0,0,0,1,1,0,0,1,0,1,0,0,0,1,0,0,0,0,0,1,0
EC_clinical_isolate_0323,0,0,0,0,0,1,0,0,0,0,1,0,0,0,1,0,0,1,0,1,0,0
EC_clinical_isolate_0324,1,0,0,0,0,0,0,1,0,1,0,0,0,0,1,1,1,1,0,1,1,1
EC_clinical_isolate_0325,1,0,0,0,1,0,0,0,0,1,0,0,1,0,1,1,1,1,0,1,0,1
EC_clinical_isolate_0326,0,0,0,0,1,1,0,0,0,0,0,1,1,1,1,1,0,1,0,1,1,1
EC_clinical_isolate_0327,0,0,0,1,1,1,0,0,0,0,1,1,0,0,1,1,0,1,0,0,0,1
EC_clinical_isolate_0328,0,0,1,0,0,1,1,1,0,1,1,0,1,0,1,1,1,1,1,1,1,0
EC_clinical_isolate_0329,0,0,0,0,0,0,0,0,0,1,0,0,1,0,1,1,0,0,0,1,0,0
EC_clinical_isolate_0330,0,0,0,0,1,1,1,0,1,1,1,1,1,0,1,1,1,0,0,1,0,1
EC_clinical_isolate_0331,1,0,1,0,0,0,0,0,1,1,0,0,0,0,1,1,1,1,0,1,0,0
EC_clinical_isolate_0332,0,0,1,0,1,0,0,0,1,1,0,1,0,0,1,1,1,1,0,1,1,0
EC_clinical_isolate_0333,0,0,1,0,0,1,0,0,0,0,1,0,0,0,0,1,1,1,1,1,0,0
EC_clinical_isolate_0334,0,0,1,0,1,0,0,0,0,1,1,0,0,1,0,0,1,1,0,1,0,1
EC_clinical_isolate_0335,0,0,0,0,1,0,0,0,0,0,1,0,1,0,0,0,0,0,1,1,1,0
EC_clinical_isolate_0336,1,0,1,0,1,1,0,0,0,1,0,0,0,1,0,1,1,1,0,1,1,1
EC_clinical_isolate_0337,1,0,0,1,0,1,1,0,0,0,1,1,1,1,0,1,1,1,0,1,0,1
EC_clinical_isolate_0338,0,0,0,1,1,1,0,0,0,0,0,0,0,0,1,1,1,0,1,1,0,0
EC_clinical_isolate_0339,0,0,0,0,1,1,0,0,0,1,0,0,0,0,1,0,1,1,0,0,0,1
EC_clinical_isolate_0340,0,0,0,0,0,0,1,0,0,1,1,0,0,0,1,1,1,1,0,0,1,0
EC_clinical_isolate_0341,0,0,0,0,1,0,0,0,0,0,1,1,0,0,0,0,0,1,1,1,1,1
EC_clinical_isolate_0342,0,0,0,0,1,1,1,0,0,1,0,0,0,1,1,1,1,1,0,0,1,1
EC_clinical_isolate_0343,0,1,1,0,1,1,0,0,0,0,0,1,1,1,1,0,0,1,0,1,0,0
EC_clinical_isolate_0344,0,0,0,0,1,1,1,0,0,0,1,0,0,0,1,0,0,0,0,1,0,1
EC_clinical_isolate_0345,0,0,0,0,0,0,0,0,0,1,0,0,1,0,0,0,0,1,0,1,0,0
EC_clinical_isolate_0346,0,0,1,0,0,1,0,0,0,0,1,0,1,0,0,1,0,1,0,1,0,0
EC_clinical_isolate_0347,0,0,0,0,0,0,0,1,0,1,1,0,0,0,1,0,0,0,1,1,1,0
EC_clinical_isolate_0348,0,0,0,1,1,1,0,1,0,0,0,0,1,1,1,0,0,0,0,1,0,0
EC_clinical_isolate_0349,0,1,1,1,1,1,0,0,1,1,1,0,1,0,1,0,1,1,0,0,0,0
EC_clinical_isolate_0350,0,0,0,0,1,1,0,0,0,1,1,0,0,0,1,0,0,1,1,1,1,0
EC_clinical_isolate_0351,1,0,0,0,0,1,0,0,0,0,0,0,0,0,1,1,1,1,0,1,0,0
EC_clinical_isolate_0352,0,1,1,1,0,1,0,0,0,0,1,0,1,0,1,0,0,0,0,0,0,1
EC_clinical_isolate_0353,0,0,0,1,1,1,1,0,0,1,0,0,0,0,1,0,1,0,0,1,1,1
EC_clinical_isolate_0354,0,0,0,0,1,1,1,0,0,1,1,0,0,0,1,1,1,0,1,1,1,1
EC_clinical_isolate_0355,0,0,1,0,0,0,0,0,0,0,0,0,1,0,0,1,1,1,1,1,1,0
EC_clinical_isolate_0356,0,0,1,0,1,1,0,1,0,0,1,0,0,1,0,1,1,0,0,0,0,0
EC_clinical_isolate_0357,0,1,0,0,0,0,0,0,0,0,0,1,0,1,0,1,1,1,1,1,0,0
EC_clinical_isolate_0358,1,1,0,0,0,1,0,1,0,0,0,1,1,0,0,1,1,1,0,0,0,0
EC_clinical_isolate_0359,0,0,0,0,1,1,1,1,0,0,1,0,1,1,0,0,0,0,0,1,1,1
EC_clinical_isolate_0360,0,0,0,0,0,1,1,0,1,0,0,0,0,0,0,1,1,1,1,1,0,1
EC_clinical_isolate_0361,0,0,0,0,1,0,0,0,0,1,1,1,0,1,1,1,0,1,0,1,1,0
EC_clinical_isolate_0362,0,0,0,1,0,0,1,0,0,1,0,0,1,1,0,1,0,1,0,1,0,0
EC_clinical_isolate_0363,0,0,1,0,0,1,0,0,1,1,0,0,1,0,0,1,0,1,0,0,0,0
EC_clinical_isolate_0364,1,0,0,0,0,1,0,0,1,1,1,1,0,1,1,1,1,0,0,0,1,0
EC_clinical_isolate_0365,0,0,0,0,1,1,0,0,0,1,1,0,0,0,1,0,1,0,0,0,1,0
EC_clinical_isolate_0366,1,0,0,0,0,0,0,0,0,1,0,0,0,0,1,0,1,1,0,1,0,0
EC_clinical_isolate_0367,1,0,1,1,1,1,1,1,0,1,1,1,1,0,1,1,1,1,1,1,1,1
EC_clinical_isolate_0368,0,0,0,0,0,1,0,0,0,1,1,0,1,1,0,1,0,0,1,0,1,0
EC_clinical_isolate_0369,0,0,0,0,0,0,0,1,1,1,1,0,1,1,0,0,1,1,0,0,1,1
EC_clinical_isolate_0370,0,0,1,0,1,0,0,0,1,0,0,0,1,0,0,1,1,1,0,1,1,0
EC_clinical_isolate_0371,0,0,0,0,1,1,0,1,0,1,1,0,1,0,0,1,1,0,0,1,1,1
EC_clinical_isolate_0372,0,1,0,1,1,1,1,0,0,1,1,1,0,0,0,0,1,1,0,0,1,1
EC_clinical_isolate_0373,1,0,0,0,0,1,0,0,0,1,1,0,1,1,1,1,1,0,0,0,0,0
EC_clinical_isolate_0374,0,0,0,0,1,1,0,1,0,1,1,0,1,0,0,1,1,1,0,0,0,1
EC_clinical_isolate_0375,0,0,0,0,1,1,0,0,1,1,0,1,0,1,0,0,0,1,0,1,0,0
EC_clinical_isolate_0376,1,0,0,0,0,1,0,0,1,1,1,0,0,0,0,1,0,0,0,0,0,0
EC_clinical_isolate_0377,0,0,0,1,1,0,0,0,0,0,1,0,1,0,1,0,0,1,0,0,0,0
EC_clinical_isolate_0378,1,0,0,1,0,0,0,0,0,1,1,0,0,0,0,1,0,1,0,1,0,1
EC_clinical_isolate_0379,0,0,1,0,1,1,0,0,0,0,0,0,0,1,0,0,1,1,0,1,1,0
EC_clinical_isolate_0380,0,0,1,0,1,1,0,1,0,1,1,0,1,0,0,1,1,0,0,0,1,0
EC_clinical_isolate_0381,1,0,1,1,1,1,1,0,1,1,1,1,1,1,0,0,1,1,0,1,0,1
EC_clinical_isolate_0382,0,0,1,1,1,1,0,0,0,0,1,1,0,0,0,0,1,1,0,1,0,0
EC_clinical_isolate_0383,1,1,0,0,0,0,0,1,0,0,1,0,1,0,0,1,1,1,0,1,1,1
EC_clinical_isolate_0384,1,0,1,0,1,1,0,0,0,1,1,0,0,1,0,0,0,1,0,0,1,1
EC_clinical_isolate_0385,1,0,0,0,0,0,1,0,1,0,0,0,0,1,1,1,0,0,0,1,1,1
EC_clinical_isolate_0386,0,0,1,1,0,1,1,0,0,0,1,0,0,1,1,1,1,0,0,1,1,0
EC_clinical_isolate_0387,0,0,1,0,1,1,1,0,1,1,0,0,1,0,1,1,1,1,0,0,1,1
EC_clinical_isolate_0388,1,0,1,0,1,1,0,0,1,0,1,1,1,0,0,1,1,0,0,1,0,1
EC_clinical_isolate_0389,1,0,1,1,1,1,1,0,1,0,0,0,1,0,0,0,0,1,1,1,0,1
EC_clinical_isolate_0390,1,1,0,0,0,0,0,0,0,1,1,0,1,0,0,0,1,1,0,1,1,0
EC_clinical_isolate_0391,0,0,0,0,1,1,0,0,0,0,1,0,0,1,0,1,0,1,0,0,0,1
EC_clinical_isolate_0392,0,0,0,0,1,0,1,0,0,0,1,0,0,0,0,1,1,1,1,0,1,1
EC_clinical_isolate_0393,1,0,0,0,0,1,0,1,0,1,0,0,1,0,0,0,1,1,0,1,0,1
EC_clinical_isolate_0394,0,0,0,0,0,1,0,0,0,1,1,0,0,0,1,1,0,1,0,0,1,0
EC_clinical_isolate_0395,1,0,0,0,0,1,0,0,0,1,0,0,1,0,1,1,0,0,0,1,0,1
EC_clinical_isolate_0396,1,0,1,0,0,1,0,1,0,1,0,0,1,0,1,1,0,0,0,0,0,1
EC_clinical_isolate_0397,0,0,0,0,1,0,1,0,1,1,0,0,1,0,0,1,0,0,0,1,0,0
EC_clinical_isolate_0398,1,1,1,1,1,1,0,1,0,0,1,0,0,0,1,1,1,1,0,1,1,1
EC_clinical_isolate_0399,1,0,1,1,1,0,0,0,0,0,1,0,0,0,0,1,0,1,0,0,0,1
EC_clinical_isolate_0400,0,0,1,0,1,1,0,1,1,0,1,1,0,1,1,1,1,0,1,1,1,1
EC_clinical_isolate_0401,1,0,1,0,0,0,0,0,1,0,1,0,0,0,0,0,0,1,0,1,1,0
EC_clinical_isolate_0402,0,0,0,0,1,0,0,0,1,1,0,0,1,0,0,1,1,0,0,0,1,0
EC_clinical_isolate_0403,1,0,1,0,0,1,0,0,0,1,1,0,0,1,1,1,1,1,0,0,1,0
EC_clinical_isolate_0404,0,0,1,0,1,1,0,0,1,0,0,0,0,1,1,1,1,0,0,0,0,0
EC_clinical_isolate_0405,1,0,0,0,0,0,0,1,0,1,0,0,0,1,0,1,1,1,0,0,0,0
EC_clinical_isolate_0406,0,0,0,0,1,0,1,0,0,0,0,0,0,1,0,0,0,1,0,1,0,1
EC_clinical_isolate_0407,0,0,1,0,0,1,0,0,0,0,1,0,0,0,0,1,1,1,0,1,1,0
EC_clinical_isolate_0408,1,0,0,0,0,1,0,0,0,1,1,0,0,1,1,1,0,0,0,0,1,0
EC_clinical_isolate_0409,0,1,0,0,1,0,0,0,0,0,0,0,0,0,1,0,0,1,0,0,0,0
EC_clinical_isolate_0410,0,0,1,0,0,1,0,0,0,0,1,0,0,0,1,0,0,0,0,0,0,0
EC_clinical_isolate_0411,1,0,0,0,1,1,1,0,0,0,1,1,0,1,0,1,1,1,1,1,0,1
EC_clinical_isolate_0412,1,0,0,0,1,1,1,0,0,0,0,0,0,0,1,0,1,1,0,0,0,1
EC_clinical_isolate_0413,0,0,1,1,1,1,0,0,0,1,1,0,0,1,1,0,1,1,0,1,0,0
EC_clinical_isolate_0414,0,0,0,1,0,1,1,1,1,1,1,0,0,1,0,0,1,1,0,0,0,0
EC_clinical_isolate_0415,0,1,0,0,0,1,0,0,0,0,1,0,1,0,0,1,0,1,1,1,0,0
EC_clinical_isolate_0416,0,0,0,0,0,1,0,0,0,0,1,0,1,1,1,1,1,1,1,0,0,0
EC_clinical_isolate_0417,0,0,0,0,1,0,0,1,0,1,1,1,1,0,1,0,1,0,0,1,0,0
EC_clinical_isolate_0418,1,0,1,0,0,0,0,0,1,1,0,1,0,0,1,1,0,1,0,1,0,1
EC_clinical_isolate_0419,1,0,0,0,0,1,0,0,1,0,1,0,0,1,1,1,1,0,0,1,0,0
EC_clinical_isolate_0420,1,0,0,1,0,0,1,0,0,0,1,0,1,0,1,0,0,0,0,1,0,1
EC_clinical_isolate_0421,1,0,0,0,0,1,0,0,0,1,0,0,0,1,1,0,0,1,0,1,0,0
EC_clinical_isolate_0422,0,1,0,1,1,1,1,0,0,1,1,0,1,0,0,1,0,1,0,1,0,1
EC_clinical_isolate_0423,0,0,1,0,1,0,1,0,1,0,1,0,0,0,0,1,0,0,0,1,0,1
EC_clinical_isolate_0424,0,0,1,0,0,1,0,0,1,1,0,1,0,1,1,1,0,1,0,1,0,0
EC_clinical_isolate_0425,0,0,0,1,1,1,0,0,1,0,1,0,1,0,1,1,1,0,0,1,1,1
EC_clinical_isolate_0426,0,0,0,0,1,1,0,0,0,0,1,0,0,0,0,0,1,1,0,1,0,0
EC_clinical_isolate_0427,1,0,0,0,0,1,1,1,0,0,0,0,0,0,0,1,1,1,0,0,0,1
EC_clinical_isolate_0428,0,0,0,0,1,1,0,0,1,1,0,0,0,1,0,0,1,1,0,1,0,0
EC_clinical_isolate_0429,0,0,1,0,0,1,0,0,0,0,0,0,0,0,0,1,1,1,0,1,0,0
EC_clinical_isolate_0430,0,0,0,1,1,1,0,0,0,0,1,0,0,1,0,0,0,0,1,0,1,0
EC_clinical_isolate_0431,1,0,0,0,0,1,0,1,0,0,1,0,1,0,1,0,1,1,0,1,0,0
EC_clinical_isolate_0432,0,0,0,1,1,0,0,0,1,1,1,0,1,0,0,1,1,0,0,0,0,1
EC_clinical_isolate_0433,0,1,1,1,1,0,0,0,0,0,0,0,1,1,1,0,0,0,0,1,0,1
EC_clinical_isolate_0434,0,0,1,1,0,1,0,1,0,0,0,0,0,0,1,1,0,1,0,1,0,0
EC_clinical_isolate_0435,1,0,0,0,0,0,0,0,0,0,0,0,1,0,1,0,1,0,1,0,0,0
EC_clinical_isolate_0436,0,0,1,0,1,0,0,1,1,1,1,0,1,1,0,1,1,1,0,1,0,1
EC_clinical_isolate_0437,1,1,0,1,0,1,0,0,0,0,1,0,0,1,1,1,0,1,0,0,0,1
EC_clinical_isolate_0438,1,1,0,0,1,0,0,1,0,0,1,0,1,0,0,0,1,1,0,0,0,1
EC_clinical_isolate_0439,0,0,1,0,1,1,0,1,0,0,0,0,1,0,0,1,1,1,1,0,1,0
EC_clinical_isolate_0440,0,1,1,0,1,1,0,0,1,1,1,0,1,1,1,0,1,1,0,1,1,1
EC_clinical_isolate_0441,1,0,1,0,1,1,0,0,1,1,1,0,0,1,1,0,1,1,0,1,0,1
EC_clinical_isolate_0442,0,0,0,0,1,1,0,0,1,1,0,0,0,1,0,1,1,1,0,0,0,1
EC_clinical_isolate_0443,0,0,0,0,1,0,0,1,0,1,1,0,1,0,1,1,1,0,0,1,0,0
EC_clinical_isolate_0444,1,0,1,0,1,1,0,0,1,1,0,1,0,1,1,1,1,1,0,0,0,1
EC_clinical_isolate_0445,1,0,0,1,1,1,0,0,0,0,0,0,1,0,1,0,0,1,0,1,1,1
EC_clinical_isolate_0446,1,0,0,0,0,1,0,0,0,1,0,0,1,0,1,1,0,1,0,0,0,1
EC_clinical_isolate_0447,1,0,0,1,1,1,1,0,0,0,1,0,1,0,0,1,0,0,0,0,0,1
EC_clinical_isolate_0448,0,0,1,0,1,0,1,0,0,0,1,0,0,0,1,0,1,0,0,0,0,1
EC_clinical_isolate_0449,0,0,0,1,0,1,1,0,1,1,0,1,1,0,0,0,1,1,1,1,1,0
EC_clinical_isolate_0450,1,0,0,0,1,0,0,0,0,0,0,0,0,0,1,1,1,1,1,1,0,1
EC_clinical_isolate_0451,0,0,1,1,1,1,0,0,0,0,1,0,1,0,0,1,0,1,0,1,1,1
EC_clinical_isolate_0452,0,0,0,0,0,1,0,0,0,0,1,0,1,1,0,0,0,1,0,0,1,0
EC_clinical_isolate_0453,1,0,0,1,1,0,0,0,0,1,1,0,0,0,0,0,1,1,1,1,0,1
EC_clinical_isolate_0454,0,1,0,0,0,0,0,1,0,0,0,1,1,0,0,0,1,1,0,1,1,0
EC_clinical_isolate_0455,0,0,0,1,1,0,0,1,0,1,0,0,0,0,0,1,1,0,0,0,0,1
EC_clinical_isolate_0456,0,0,0,1,0,1,1,0,0,1,0,0,0,0,0,1,1,1,1,0,1,0
EC_clinical_isolate_0457,0,0,0,0,1,1,0,0,0,1,0,1,0,0,1,1,1,0,0,0,1,0
EC_clinical_isolate_0458,0,0,1,0,1,0,0,0,0,0,1,1,0,0,0,1,0,0,0,1,0,1
EC_clinical_isolate_0459,0,0,0,1,0,1,0,0,1,1,1,0,0,1,0,1,1,1,0,1,0,0
EC_clinical_isolate_0460,0,0,1,0,1,0,0,0,0,0,1,0,0,1,0,1,1,0,1,1,1,0
EC_clinical_isolate_0461,0,1,0,1,1,1,0,0,1,0,1,0,1,1,0,1,1,1,0,0,0,1
EC_clinical_isolate_0462,1,0,0,0,0,0,1,0,1,0,0,0,1,0,0,0,0,0,1,0,0,1
EC_clinical_isolate_0463,0,1,0,0,1,1,0,1,1,1,0,1,1,0,1,1,1,0,0,1,0,0
EC_clinical_isolate_0464,1,1,0,1,1,1,1,0,0,0,1,0,0,0,0,1,1,1,0,0,1,1
EC_clinical_isolate_0465,0,0,1,0,0,1,0,0,0,0,0,0,1,1,0,0,0,1,0,1,1,0
EC_clinical_isolate_0466,0,1,0,1,0,1,1,0,1,0,0,1,1,0,0,1,1,1,0,1,0,1
EC_clinical_isolate_0467,1,0,0,0,0,1,0,1,0,0,1,0,0,0,0,1,1,1,0,0,1,1
EC_clinical_isolate_0468,0,0,1,0,0,1,0,0,0,1,0,0,1,0,0,1,0,0,0,1,0,0
EC_clinical_isolate_0469,1,0,1,0,1,1,0,0,0,1,0,1,0,0,1,1,1,1,1,1,1,1
EC_clinical_isolate_0470,0,1,1,0,1,1,1,0,0,1,1,1,1,1,0,1,1,0,0,1,0,1
EC_clinical_isolate_0471,1,1,0,0,0,1,1,0,1,0,1,1,0,1,0,0,0,1,0,1,0,1
EC_clinical_isolate_0472,0,0,1,0,0,0,0,0,0,0,0,0,0,1,1,0,1,1,0,0,0,0
EC_clinical_isolate_0473,1,0,0,0,0,1,0,0,0,1,0,1,1,0,0,1,0,1,0,1,0,1
EC_clinical_isolate_0474,0,0,0,0,1,0,1,0,0,0,1,0,0,1,1,1,0,1,0,1,0,1
EC_clinical_isolate_0475,1,0,0,1,0,1,0,0,0,1,0,0,0,0,0,1,0,0,0,1,1,0
EC_clinical_isolate_0476,0,0,0,0,1,1,0,0,0,0,1,1,1,1,0,0,0,1,1,1,0,1
EC_clinical_isolate_0477,0,0,0,0,1,1,0,1,0,1,0,0,1,0,1,1,0,0,0,1,1,1
EC_clinical_isolate_0478,1,0,0,0,0,0,0,0,0,0,0,1,1,0,0,1,1,0,0,0,0,0
EC_clinical_isolate_0479,0,0,1,0,1,0,1,0,0,0,1,0,0,1,1,1,0,1,0,0,1,1
EC_clinical_isolate_0480,0,1,0,1,1,1,1,0,1,1,1,0,0,0,1,1,1,0,0,0,0,1
EC_clinical_isolate_0481,1,0,0,0,1,1,0,0,0,1,0,0,1,1,1,1,1,0,0,0,1,1
EC_clinical_isolate_0482,0,0,0,0,1,1,0,0,0,0,0,0,0,1,1,0,0,1,0,0,1,1
EC_clinical_isolate_0483,0,0,1,0,0,1,1,0,0,1,0,0,0,0,1,0,1,1,0,0,1,1
EC_clinical_isolate_0484,0,1,0,0,0,1,0,1,0,1,0,0,0,0,1,0,1,0,0,1,1,0
EC_clinical_isolate_0485,1,1,0,1,1,1,1,1,1,0,1,1,0,0,1,1,1,1,0,1,0,1
EC_clinical_isolate_0486,0,0,1,0,0,0,0,0,1,0,1,0,0,1,0,0,0,1,0,1,0,0
EC_clinical_isolate_0487,0,0,1,1,0,1,0,0,0,0,1,0,0,0,0,1,1,1,0,1,1,0
EC_clinical_isolate_0488,1,0,0,0,0,0,1,0,0,0,1,0,0,0,0,0,1,1,0,0,1,1
EC_clinical_isolate_0489,1,0,1,0,0,1,0,0,0,1,1,1,0,0,0,1,1,1,0,1,0,0
EC_clinical_isolate_0490,0,0,1,1,1,0,0,0,0,0,1,0,0,0,1,1,0,1,0,1,0,1
EC_clinical_isolate_0491,0,0,1,0,0,1,0,0,0,0,0,0,0,1,0,1,1,1,0,0,0,1
EC_clinical_isolate_0492,0,0,0,0,1,0,0,1,1,0,0,0,1,0,0,1,0,0,0,1,0,1
EC_clinical_isolate_0493,0,0,1,0,1,0,0,0,0,0,1,0,1,0,1,0,1,1,1,0,0,0
EC_clinical_isolate_0494,0,0,0,0,0,1,1,1,1,0,1,0,0,1,0,0,0,1,0,0,0,0
EC_clinical_isolate_0495,0,0,0,0,0,0,1,1,0,0,1,0,0,0,0,1,0,1,0,0,0,0
EC_clinical_isolate_0496,0,0,0,0,1,0,0,1,0,0,1,0,0,0,1,1,1,0,1,1,0,1
EC_clinical_isolate_0497,0,1,0,0,0,1,0,0,0,1,1,1,0,0,1,1,0,1,1,1,1,0
EC_clinical_isolate_0498,1,0,0,0,1,0,0,0,0,0,0,1,0,0,1,1,0,1,1,1,1,0
EC_clinical_isolate_0499,1,1,1,0,1,0,0,0,0,1,1,0,0,0,0,1,0,1,0,1,1,1
EC_clinical_isolate_0500,1,0,0,0,0,1,0,0,0,0,0,0,1,1,0,0,0,1,1,0,1,0
EC_clinical_isolate_0501,0,0,0,0,1,1,1,0,0,0,1,1,1,1,1,1,1,1,0,1,0,1
EC_clinical_isolate_0502,0,0,0,0,1,1,0,1,0,0,0,0,0,1,0,0,1,0,0,1,1,0
EC_clinical_isolate_0503,1,0,0,1,0,1,1,1,0,0,1,0,0,1,1,0,0,1,0,0,1,1
EC_clinical_isolate_0504,1,0,1,0,1,1,0,1,0,1,1,0,1,0,1,0,1,1,1,1,1,1
EC_clinical_isolate_0505,0,0,0,1,1,0,0,1,0,1,1,0,0,0,0,0,0,0,0,0,1,1
EC_clinical_isolate_0506,1,0,0,0,0,1,0,0,0,1,1,1,1,0,0,0,1,0,0,0,0,0
EC_clinical_isolate_0507,1,0,0,0,1,1,0,0,0,1,1,0,0,1,0,1,1,1,0,1,0,1
EC_clinical_isolate_0508,1,0,0,0,1,1,0,0,0,0,1,0,1,1,1,1,0,1,0,1,0,1
EC_clinical_isolate_0509,1,0,0,0,1,1,1,0,0,0,1,0,1,0,0,0,1,1,1,1,1,1
EC_clinical_isolate_0510,0,0,1,0,1,0,0,1,0,1,0,0,1,0,0,1,0,0,0,1,0,0
EC_clinical_isolate_0511,0,0,1,0,1,1,1,0,1,1,1,0,0,0,1,0,0,0,0,0,1,1
EC_clinical_isolate_0512,1,0,0,0,0,1,0,0,0,1,1,0,0,0,0,0,1,0,0,1,0,1
EC_clinical_isolate_0513,1,0,1,1,1,1,1,0,0,0,1,1,0,1,0,1,1,1,0,1,0,1
EC_clinical_isolate_0514,0,1,1,0,0,0,0,0,1,0,0,1,1,0,1,1,1,1,0,1,0,0
EC_clinical_isolate_0515,0,0,1,0,1,0,1,0,0,1,1,1,0,1,0,0,1,1,0,1,0,1
EC_clinical_isolate_0516,0,0,0,1,0,0,0,1,0,0,0,1,0,0,1,0,1,1,0,1,0,0
EC_clinical_isolate_0517,1,1,0,0,0,1,1,0,1,0,0,0,0,1,1,1,1,0,0,1,0,1
EC_clinical_isolate_0518,1,0,0,0,0,0,1,0,0,0,1,0,0,1,0,0,0,0,0,1,0,1
EC_clinical_isolate_0519,0,0,1,0,1,0,0,0,1,1,0,0,0,1,1,1,1,0,0,1,1,1
EC_clinical_isolate_0520,0,0,1,1,0,1,0,0,0,0,0,0,1,0,0,1,1,0,0,1,0,0
EC_clinical_isolate_0521,0,0,0,1,1,0,0,0,0,1,1,1,0,0,1,0,1,0,1,0,1,1
EC_clinical_isolate_0522,1,0,0,0,0,1,1,1,1,0,0,1,0,0,0,1,1,1,0,1,0,1
EC_clinical_isolate_0523,1,0,1,0,0,0,0,0,0,1,0,0,1,0,0,0,0,1,0,1,1,0
EC_clinical_isolate_0524,1,0,1,1,1,1,0,0,0,1,0,0,1,0,0,1,0,1,0,1,0,1
EC_clinical_isolate_0525,0,0,1,0,1,1,0,0,0,0,1,1,1,1,0,1,0,1,0,1,1,0
EC_clinical_isolate_0526,0,1,1,0,0,1,0,0,0,1,1,1,0,0,1,1,1,1,1,0,0,0
EC_clinical_isolate_0527,0,0,0,0,0,1,1,0,0,0,1,0,1,0,1,1,1,1,0,0,1,0
EC_clinical_isolate_0528,0,0,0,0,0,0,0,0,0,0,0,1,0,0,1,1,1,0,0,0,1,0
EC_clinical_isolate_0529,1,0,1,0,0,0,0,0,0,1,0,0,0,1,0,0,1,1,0,0,0,0
EC_clinical_isolate_0530,1,0,0,0,1,0,1,1,0,0,0,0,0,1,0,1,1,0,0,1,0,1
EC_clinical_isolate_0531,1,0,0,0,1,1,0,0,0,0,1,0,0,0,1,1,1,0,0,0,1,1
EC_clinical_isolate_0532,1,0,1,0,0,1,0,0,0,0,1,0,0,0,0,1,1,0,0,1,0,0
EC_clinical_isolate_0533,0,0,0,1,1,1,0,0,0,0,0,0,1,1,1,1,1,1,0,1,0,1
EC_clinical_isolate_0534,1,1,1,0,1,1,0,0,1,1,0,0,0,1,1,0,1,1,1,0,0,1
EC_clinical_isolate_0535,1,0,0,0,0,0,0,1,0,0,0,1,0,0,0,1,0,1,0,0,0,1
EC_clinical_isolate_0536,1,0,1,0,1,1,1,1,0,1,1,0,0,1,1,1,0,1,1,1,0,1
EC_clinical_isolate_0537,0,0,0,0,1,1,0,0,1,1,1,0,0,1,1,1,1,1,0,0,0,1
EC_clinical_isolate_0538,0,0,0,0,0,0,0,1,1,0,1,0,1,0,1,1,1,1,0,0,1,0
EC_clinical_isolate_0539,0,0,0,0,0,1,0,1,0,0,1,0,0,0,0,0,1,1,0,1,0,0
EC_clinical_isolate_0540,1,0,0,1,1,0,0,1,1,1,1,0,1,0,0,1,0,1,0,1,0,1
EC_clinical_isolate_0541,0,0,1,1,1,1,1,0,0,0,0,0,0,0,0,0,1,0,0,1,1,1
EC_clinical_isolate_0542,0,0,1,0,0,1,0,0,1,0,0,0,1,0,0,1,1,0,0,0,0,0
EC_clinical_isolate_0543,1,0,0,0,0,0,0,0,0,0,1,0,1,0,0,1,0,1,0,0,1,0
EC_clinical_isolate_0544,0,0,0,0,1,1,0,1,0,1,1,0,1,0,1,1,1,0,0,1,1,0
EC_clinical_isolate_0545,0,0,0,1,1,0,0,0,0,1,1,0,1,0,1,1,1,1,0,1,0,0
EC_clinical_isolate_0546,0,0,0,1,1,1,0,0,1,0,1,1,1,0,1,1,1,1,0,1,0,1
EC_clinical_isolate_0547,1,0,1,0,1,1,0,0,0,0,1,0,0,0,0,0,0,1,1,0,1,1
EC_clinical_isolate_0548,0,0,1,0,0,0,0,0,0,1,1,0,0,0,1,0,0,0,0,0,1,0
EC_clinical_isolate_0549,1,0,1,1,1,1,1,0,0,1,1,0,1,0,0,0,0,1,0,0,0,1
EC_clinical_isolate_0550,0,0,1,0,1,1,0,1,1,1,1,0,1,0,1,1,0,1,0,1,0,1
EC_clinical_isolate_0551,1,0,0,0,0,0,1,0,1,1,0,0,0,0,1,1,0,1,0,0,0,1
EC_clinical_isolate_0552,0,0,1,0,0,0,1,1,0,0,1,1,0,1,1,1,1,1,0,1,0,0
EC_clinical_isolate_0553,0,1,1,0,1,1,0,0,0,1,1,1,1,0,1,1,0,1,0,0,0,1
EC_clinical_isolate_0554,1,0,1,1,1,1,0,0,0,0,1,0,0,1,1,1,1,1,0,1,0,1
EC_clinical_isolate_0555,0,1,1,1,1,0,0,0,0,0,1,0,0,0,0,0,1,0,0,0,1,0
EC_clinical_isolate_0556,0,0,0,0,1,0,0,0,1,1,1,0,0,0,0,0,0,1,0,1,0,0
EC_clinical_isolate_0557,0,0,1,0,0,0,0,0,0,0,0,0,1,0,0,0,1,0,0,0,1,0
EC_clinical_isolate_0558,1,0,0,0,1,1,0,0,0,1,1,0,1,0,0,1,1,0,0,1,0,1
EC_clinical_isolate_0559,0,0,0,0,1,0,0,0,0,0,0,0,0,1,1,0,1,0,0,1,0,1
EC_clinical_isolate_0560,1,1,0,0,1,0,0,1,0,1,1,1,0,1,0,1,0,1,1,0,0,1
EC_clinical_isolate_0561,0,0,1,0,1,1,0,0,0,1,1,1,0,1,1,1,1,0,0,1,0,1
EC_clinical_isolate_0562,0,0,1,0,1,1,0,0,0,0,0,1,0,0,0,1,0,0,1,1,0,1
EC_clinical_isolate_0563,0,0,1,0,0,1,0,0,0,1,0,1,1,0,0,0,1,1,0,1,1,0
EC_clinical_isolate_0564,0,0,1,0,1,1,0,0,0,0,1,1,0,0,1,0,0,1,0,1,0,0
EC_clinical_isolate_0565,0,0,0,0,0,1,0,0,0,1,0,0,0,0,0,0,1,0,0,1,1,0
EC_clinical_isolate_0566,0,0,1,0,0,0,0,0,0,0,0,0,1,0,1,1,0,1,1,0,0,0
EC_clinical_isolate_0567,0,0,0,0,0,0,0,0,0,1,1,1,1,1,1,0,0,1,0,0,0,0
EC_clinical_isolate_0568,1,0,0,1,0,1,0,0,1,0,1,0,0,1,0,1,1,0,0,1,0,1
EC_clinical_isolate_0569,0,0,0,0,1,0,0,0,0,0,0,1,0,0,0,1,1,1,0,1,1,1
EC_clinical_isolate_0570,0,0,1,0,1,1,0,0,0,0,1,0,1,0,0,0,1,1,1,0,0,0
EC_clinical_isolate_0571,1,1,1,1,1,1,1,0,0,0,1,0,0,0,1,1,0,1,0,1,0,1
EC_clinical_isolate_0572,0,1,0,1,1,0,1,0,0,1,1,0,1,1,1,1,1,1,0,0,1,1
EC_clinical_isolate_0573,0,0,0,0,0,1,0,1,0,1,1,0,0,0,0,1,1,1,0,1,1,0
EC_clinical_isolate_0574,1,0,1,1,1,1,0,0,0,1,0,0,1,1,1,0,0,0,0,1,0,1
EC_clinical_isolate_0575,1,0,0,0,0,1,0,0,0,0,0,0,1,0,0,0,1,1,0,1,1,0
EC_clinical_isolate_0576,0,0,1,0,0,1,1,0,0,0,0,0,1,0,1,0,1,0,0,0,0,0
EC_clinical_isolate_0577,1,0,1,0,1,1,0,0,0,0,1,0,1,0,1,0,0,1,0,1,1,1
EC_clinical_isolate_0578,0,1,0,0,0,0,1,0,1,1,1,0,1,0,1,1,1,0,0,1,0,0
EC_clinical_isolate_0579,0,0,0,0,0,1,0,0,1,1,1,0,1,1,1,1,1,1,0,1,0,0
EC_clinical_isolate_0580,0,1,1,0,1,1,0,1,0,0,1,0,0,0,0,1,1,0,0,0,0,0
EC_clinical_isolate_0581,1,0,1,0,1,1,1,1,0,0,1,0,0,1,1,0,0,1,0,1,0,1
EC_clinical_isolate_0582,0,0,0,0,1,0,0,0,0,0,1,0,1,0,0,0,1,1,0,1,0,0
EC_clinical_isolate_0583,0,0,1,0,1,0,0,0,0,1,1,1,1,1,1,1,0,1,0,1,1,1
EC_clinical_isolate_0584,0,1,0,0,1,1,0,0,0,1,0,1,0,0,0,0,1,1,0,1,1,1
EC_clinical_isolate_0585,0,0,0,0,1,1,0,0,1,1,0,1,0,0,1,0,0,1,0,1,0,0
EC_clinical_isolate_0586,0,0,1,0,0,0,0,0,0,0,1,0,1,1,1,1,1,0,0,0,0,0
EC_clinical_isolate_0587,0,0,1,1,1,1,0,0,1,1,1,1,0,1,1,0,1,0,0,1,0,1
EC_clinical_isolate_0588,0,0,0,1,1,1,1,0,0,1,1,1,0,1,0,1,0,1,0,1,0,1
EC_clinical_isolate_0589,0,0,1,0,1,1,0,0,1,0,1,1,1,0,1,0,1,1,0,0,1,0
EC_clinical_isolate_0590,0,0,0,1,1,0,1,1,0,0,0,0,1,1,1,1,1,0,0,1,0,1
EC_clinical_isolate_0591,0,0,0,0,0,0,0,0,0,0,1,1,0,1,1,1,0,0,0,0,0,0
EC_clinical_isolate_0592,0,0,0,0,0,0,0,1,0,0,1,0,0,0,0,0,1,0,0,0,0,0
EC_clinical_isolate_0593,0,0,1,0,1,1,0,1,0,1,1,1,0,1,0,1,1,1,0,1,0,1
EC_clinical_isolate_0594,1,0,0,0,0,1,0,0,0,0,1,0,0,0,0,1,0,1,0,1,0,1
EC_clinical_isolate_0595,0,0,0,0,1,1,0,0,0,1,1,0,1,1,0,1,1,1,0,1,0,1
EC_clinical_isolate_0596,1,0,0,0,0,1,1,0,0,1,1,0,0,0,0,0,1,0,1,1,0,1
EC_clinical_isolate_0597,0,0,1,1,1,0,0,0,0,0,1,0,0,1,0,1,0,0,1,1,0,1
EC_clinical_isolate_0598,0,0,1,0,1,1,0,0,1,1,1,0,0,0,0,0,1,0,0,1,0,0
EC_clinical_isolate_0599,0,1,1,0,0,1,0,0,0,0,1,1,0,0,0,1,0,1,0,1,0,0
EC_clinical_isolate_0600,0,0,0,1,0,0,0,0,0,0,0,0,1,0,0,1,1,1,0,1,0,0
EC_clinical_isolate_0601,0,0,0,0,1,0,1,0,0,0,0,0,0,0,1,1,1,0,1,1,1,1
EC_clinical_isolate_0602,0,0,0,0,1,1,0,0,1,0,0,0,1,0,0,1,0,1,0,0,0,0
EC_clinical_isolate_0603,0,0,1,0,1,1,0,0,0,0,0,0,1,0,0,0,1,0,0,1,1,0
EC_clinical_isolate_0604,0,0,1,0,0,0,0,0,0,0,1,0,0,1,0,0,1,1,0,1,0,0
EC_clinical_isolate_0605,0,0,0,0,1,1,0,0,0,0,1,0,1,1,1,1,0,1,0,1,0,1
EC_clinical_isolate_0606,0,0,1,0,1,1,0,0,1,0,0,0,0,1,1,1,1,0,0,1,0,1
EC_clinical_isolate_0607,0,0,0,0,0,0,0,0,1,1,0,0,1,1,0,1,1,1,0,0,0,0
EC_clinical_isolate_0608,0,0,0,0,1,0,0,0,0,0,0,0,0,0,0,1,1,1,1,1,1,1
EC_clinical_isolate_0609,1,0,0,0,0,0,0,0,0,1,1,0,1,0,1,1,1,1,0,0,0,0
EC_clinical_isolate_0610,0,0,0,0,0,1,0,1,0,0,1,0,0,0,0,1,0,1,0,0,0,0
EC_clinical_isolate_0611,1,0,0,0,0,0,1,0,0,1,1,1,1,0,0,0,0,0,0,1,1,1
EC_clinical_isolate_0612,0,0,0,1,0,1,1,0,0,0,1,0,0,1,0,0,1,1,0,1,0,0
EC_clinical_isolate_0613,0,0,0,0,0,1,0,0,0,1,0,0,1,0,0,1,1,0,0,1,0,0
EC_clinical_isolate_0614,1,1,1,0,1,1,0,1,1,0,0,0,0,1,1,1,1,1,0,0,0,1
EC_clinical_isolate_0615,1,0,0,0,0,0,0,0,0,1,0,0,1,0,0,1,0,0,1,1,0,0
EC_clinical_isolate_0616,0,0,0,0,0,1,0,0,0,0,0,0,0,1,1,0,1,0,0,1,0,0
EC_clinical_isolate_0617,0,0,1,0,0,1,1,0,0,0,1,0,0,0,1,1,1,0,0,0,0,0
EC_clinical_isolate_0618,1,0,0,0,1,1,0,0,0,1,1,0,1,0,1,1,0,0,1,0,1,1
EC_clinical_isolate_0619,1,0,0,1,0,1,1,0,1,0,1,0,1,1,0,0,0,1,1,0,1,1
EC_clinical_isolate_0620,0,0,1,1,1,0,1,0,0,0,1,0,0,0,0,1,1,0,0,1,0,1
EC_clinical_isolate_0621,0,0,0,0,1,1,0,1,0,0,0,0,1,1,0,1,0,1,0,1,0,1
EC_clinical_isolate_0622,0,0,0,1,1,1,0,0,0,1,0,1,1,0,0,1,0,0,0,1,0,1
EC_clinical_isolate_0623,0,0,0,0,0,1,0,0,0,1,1,0,1,0,1,1,1,1,0,1,0,0
EC_clinical_isolate_0624,0,0,1,0,1,1,0,0,1,0,1,0,0,1,0,1,1,1,1,1,0,1
EC_clinical_isolate_0625,0,0,0,0,1,1,0,0,0,1,0,1,0,0,1,1,1,1,0,1,1,0
EC_clinical_isolate_0626,0,1,1,0,1,0,0,1,1,0,1,1,1,1,0,1,1,1,0,1,1,0
EC_clinical_isolate_0627,1,0,0,0,0,1,1,0,0,0,1,0,0,0,1,1,1,1,0,1,0,1
EC_clinical_isolate_0628,0,0,0,0,1,1,0,0,1,1,1,0,0,0,1,0,1,1,0,1,0,1
EC_clinical_isolate_0629,0,1,0,0,0,1,0,0,0,1,1,0,0,0,0,1,0,1,0,1,0,0
EC_clinical_isolate_0630,1,0,1,1,1,0,0,1,1,1,1,0,0,0,0,1,0,1,1,0,0,0
EC_clinical_isolate_0631,1,0,0,0,1,1,0,1,0,0,1,0,1,0,0,0,0,1,0,0,0,1
EC_clinical_isolate_0632,0,0,0,0,0,1,0,0,0,0,1,0,1,0,0,1,0,0,1,1,0,0
EC_clinical_isolate_0633,0,0,0,0,1,0,1,0,0,0,1,0,1,0,0,0,0,1,0,0,0,1
EC_clinical_isolate_0634,0,0,0,1,0,1,0,0,0,0,0,0,0,0,0,1,0,0,0,1,0,0
EC_clinical_isolate_0635,0,0,1,0,1,1,0,1,0,0,1,0,0,1,0,0,0,1,0,1,0,0
EC_clinical_isolate_0636,0,0,0,0,1,1,0,0,0,1,0,0,0,0,1,0,0,1,0,0,1,0
EC_clinical_isolate_0637,0,1,0,0,0,1,0,0,1,1,0,0,0,0,0,1,1,1,0,1,0,0
EC_clinical_isolate_0638,0,0,0,0,0,1,1,0,0,0,1,0,1,0,0,1,0,1,0,1,0,0
EC_clinical_isolate_0639,0,0,1,1,1,0,0,0,1,0,1,0,1,0,0,1,1,1,0,0,0,1
EC_clinical_isolate_0640,0,0,0,0,0,1,1,0,1,1,1,0,0,0,0,1,0,1,0,1,0,0
EC_clinical_isolate_0641,0,0,0,0,0,1,0,1,0,0,0,1,1,0,0,1,1,1,0,1,1,0
EC_clinical_isolate_0642,0,0,1,1,0,1,0,0,0,1,0,0,0,1,1,1,1,0,1,0,0,0
EC_clinical_isolate_0643,0,1,1,0,1,1,0,1,0,0,1,0,1,1,0,1,1,1,0,0,1,1
EC_clinical_isolate_0644,0,0,0,0,1,1,0,0,0,0,0,1,0,0,0,1,1,1,0,0,0,1
EC_clinical_isolate_0645,1,0,0,0,0,0,0,0,0,1,0,0,1,0,0,0,1,0,0,0,0,0
EC_clinical_isolate_0646,0,0,0,1,0,1,1,0,1,0,1,1,0,1,0,1,0,1,0,0,0,0
EC_clinical_isolate_0647,1,1,0,0,0,0,0,0,0,0,0,0,0,0,0,0,1,1,0,1,1,0
EC_clinical_isolate_0648,1,0,0,0,0,0,0,1,0,0,1,0,0,1,1,1,1,1,0,0,0,1
EC_clinical_isolate_0649,0,0,0,0,0,0,0,1,0,1,1,0,0,1,0,0,1,1,0,1,1,0
EC_clinical_isolate_0650,0,0,0,0,1,1,0,0,1,1,0,0,0,0,0,1,0,0,0,0,0,0
EC_clinical_isolate_0651,0,1,0,0,0,0,0,0,0,0,1,0,0,0,1,1,1,0,0,1,0,0
EC_clinical_isolate_0652,0,1,1,0,0,0,0,0,0,0,1,1,0,1,0,1,1,1,1,1,0,0
EC_clinical_isolate_0653,1,1,1,1,0,0,0,1,0,1,1,0,1,1,0,1,1,0,0,1,0,0
EC_clinical_isolate_0654,0,0,0,0,1,0,0,1,0,0,1,0,0,0,1,1,1,0,0,1,0,0
EC_clinical_isolate_0655,0,0,0,0,1,1,0,1,1,1,0,1,1,1,0,0,0,0,1,0,0,0
EC_clinical_isolate_0656,0,0,0,0,1,1,0,0,1,0,1,0,0,0,1,1,0,0,1,1,0,0
EC_clinical_isolate_0657,0,1,1,0,0,0,0,0,0,0,1,0,1,0,0,1,1,0,0,0,1,0
EC_clinical_isolate_0658,0,0,0,1,0,1,0,0,0,1,0,0,1,1,0,1,0,0,0,0,1,0
EC_clinical_isolate_0659,0,0,0,0,0,1,1,0,0,0,0,1,0,1,0,0,0,0,1,1,1,0
EC_clinical_isolate_0660,0,0,0,0,0,1,0,0,0,1,0,0,1,0,0,1,0,1,0,1,0,0
EC_clinical_isolate_0661,1,0,0,0,1,0,0,0,0,0,0,0,0,1,0,1,0,0,0,0,1,1
EC_clinical_isolate_0662,0,0,1,0,1,1,0,0,0,0,1,1,1,0,0,1,1,1,0,1,1,0
EC_clinical_isolate_0663,0,1,0,0,1,0,0,1,0,1,0,0,0,0,1,1,0,1,0,1,0,0
EC_clinical_isolate_0664,0,1,0,0,1,0,1,1,1,0,0,0,0,0,1,1,1,1,1,1,0,1
EC_clinical_isolate_0665,0,0,1,1,0,0,0,0,0,1,1,0,0,0,0,0,1,0,0,0,0,0
EC_clinical_isolate_0666,0,0,0,1,1,1,1,0,1,0,0,0,0,0,1,1,1,1,0,0,0,1
EC_clinical_isolate_0667,0,0,1,0,0,0,1,0,0,1,1,0,0,0,1,1,0,0,0,1,1,0
EC_clinical_isolate_0668,0,0,1,1,0,0,0,1,0,1,1,1,1,1,1,0,1,0,0,0,1,0
EC_clinical_isolate_0669,0,0,0,0,1,0,0,1,1,0,0,0,0,1,0,0,1,1,0,1,1,0
EC_clinical_isolate_0670,0,0,0,0,0,1,0,1,0,1,1,0,0,0,1,0,1,1,1,1,0,0
EC_clinical_isolate_0671,1,0,0,0,0,1,0,0,0,1,1,0,0,0,0,1,1,1,0,1,0,0
EC_clinical_isolate_0672,0,1,0,0,0,0,0,0,0,0,1,0,0,0,0,0,1,1,0,1,0,0
EC_clinical_isolate_0673,0,0,1,0,1,1,0,0,0,1,0,0,0,1,0,1,1,1,1,1,0,1
EC_clinical_isolate_0674,0,0,1,0,1,1,0,0,1,1,1,1,1,0,1,0,0,0,0,1,1,1
EC_clinical_isolate_0675,1,0,0,0,0,1,0,0,1,0,1,0,0,0,1,1,0,0,0,1,0,0
EC_clinical_isolate_0676,0,0,0,0,1,0,0,1,0,0,1,0,1,0,1,1,1,1,0,0,1,1
EC_clinical_isolate_0677,0,0,1,0,0,1,1,0,0,0,0,0,0,0,0,1,0,1,0,1,0,0
EC_clinical_isolate_0678,1,0,1,1,1,0,0,0,0,0,1,0,0,0,1,1,0,0,0,1,1,1
EC_clinical_isolate_0679,1,0,1,0,1,1,1,0,0,1,1,0,1,1,0,1,1,1,0,1,0,1
EC_clinical_isolate_0680,1,1,0,0,1,0,0,1,0,0,1,1,0,1,0,0,0,0,0,1,1,0
EC_clinical_isolate_0681,0,0,0,0,1,1,0,0,0,1,1,0,0,0,0,1,1,1,1,1,1,0
EC_clinical_isolate_0682,0,0,1,0,0,0,0,0,0,0,1,1,1,0,0,0,1,1,0,1,1,0
EC_clinical_isolate_0683,1,0,1,1,1,1,0,0,0,0,1,0,0,0,1,0,0,1,0,1,1,1
EC_clinical_isolate_0684,1,0,0,0,1,0,0,0,0,1,1,0,0,1,0,1,0,0,0,1,1,0
EC_clinical_isolate_0685,0,0,0,0,1,1,0,0,0,0,1,0,1,0,1,0,0,1,0,0,0,1
EC_clinical_isolate_0686,0,0,0,1,0,0,1,0,0,0,0,0,1,0,0,1,0,1,0,0,1,1
EC_clinical_isolate_0687,0,0,0,0,1,1,0,0,1,0,1,1,0,0,0,0,0,0,0,1,1,1
EC_clinical_isolate_0688,1,1,0,0,1,1,0,1,1,0,1,0,0,0,1,1,0,0,0,1,0,1
EC_clinical_isolate_0689,0,0,1,0,0,1,1,0,0,0,0,0,0,0,0,0,1,1,0,1,1,0
EC_clinical_isolate_0690,0,0,0,1,1,1,0,0,0,1,1,1,0,0,1,0,0,1,1,0,0,1
EC_clinical_isolate_0691,0,0,1,0,0,1,0,1,1,0,0,0,1,0,1,0,1,0,0,0,0,0
EC_clinical_isolate_0692,0,0,0,0,1,0,0,0,1,1,1,1,1,0,0,1,1,1,0,0,0,1
EC_clinical_isolate_0693,0,0,1,0,1,1,1,0,1,1,1,0,1,0,1,1,1,1,0,1,0,1
EC_clinical_isolate_0694,0,0,1,0,1,0,0,1,0,0,0,0,0,0,0,1,1,0,0,0,0,0
EC_clinical_isolate_0695,0,0,0,0,1,1,0,0,1,0,1,1,0,0,1,1,0,1,0,0,0,1
EC_clinical_isolate_0696,0,0,0,0,1,1,0,0,0,1,0,0,1,0,0,1,1,0,1,1,0,1
EC_clinical_isolate_0697,0,0,0,0,0,1,1,0,0,1,1,1,0,0,0,1,0,0,0,1,1,1
EC_clinical_isolate_0698,0,0,0,1,0,0,0,0,1,0,1,0,1,1,0,1,0,0,0,0,0,0
EC_clinical_isolate_0699,0,0,1,1,1,1,1,0,0,0,0,1,1,0,0,0,1,1,0,1,0,1
EC_clinical_isolate_0700,0,0,1,0,0,1,0,1,1,0,0,0,1,0,1,1,0,1,0,1,0,0
EC_clinical_isolate_0701,0,0,0,1,0,1,1,0,0,0,0,0,0,0,1,1,0,0,0,1,0,0
EC_clinical_isolate_0702,0,0,0,0,1,1,0,0,1,1,1,1,0,0,1,0,1,1,0,1,0,0
EC_clinical_isolate_0703,0,0,0,0,0,1,0,1,0,1,1,0,1,0,0,0,1,1,1,1,0,0
EC_clinical_isolate_0704,0,0,1,0,0,1,1,0,1,0,0,0,1,1,1,1,0,0,0,0,1,1
EC_clinical_isolate_0705,1,1,0,1,1,0,0,0,0,1,0,1,1,0,0,1,0,1,0,0,0,1
EC_clinical_isolate_0706,0,0,0,1,0,0,0,0,0,1,0,0,0,0,1,1,1,1,0,1,1,0
EC_clinical_isolate_0707,1,0,0,0,1,1,0,0,0,0,1,1,1,1,1,1,1,1,0,1,1,1
EC_clinical_isolate_0708,0,0,0,1,1,1,0,0,0,0,1,0,1,1,0,1,0,1,0,1,1,1
EC_clinical_isolate_0709,1,0,0,0,1,1,0,0,0,1,0,0,0,1,1,0,1,0,0,0,0,1
EC_clinical_isolate_0710,1,1,1,1,0,1,0,1,0,1,1,0,0,1,0,0,1,1,0,1,0,0
EC_clinical_isolate_0711,0,1,0,1,1,0,0,1,0,1,0,0,1,1,0,0,0,0,1,0,0,0
EC_clinical_isolate_0712,0,0,0,0,1,1,0,1,0,0,1,0,0,0,1,0,1,1,0,1,0,0
EC_clinical_isolate_0713,0,0,1,1,1,0,0,1,0,0,1,0,0,0,1,0,1,1,0,0,0,0
EC_clinical_isolate_0714,0,0,1,0,0,0,0,0,1,0,1,0,1,0,1,1,0,0,0,1,1,0
EC_clinical_isolate_0715,1,1,0,0,1,1,0,0,0,1,1,0,0,1,0,1,1,1,0,0,0,1
EC_clinical_isolate_0716,1,0,0,0,1,0,0,1,0,1,1,0,1,1,1,1,0,1,1,0,0,0
EC_clinical_isolate_0717,1,0,0,0,1,1,0,0,0,0,1,1,0,0,0,1,1,1,1,0,0,1
EC_clinical_isolate_0718,0,0,0,1,1,1,1,1,0,1,1,0,0,0,0,1,1,0,1,1,1,1
EC_clinical_isolate_0719,1,0,0,0,1,1,0,0,0,1,0,0,1,1,1,1,0,1,0,0,0,1
EC_clinical_isolate_0720,1,0,0,0,1,0,1,0,0,1,0,1,1,1,1,1,1,1,1,1,0,1
EC_clinical_isolate_0721,0,0,0,1,0,0,1,0,1,1,0,0,0,0,1,1,1,0,1,1,0,0
EC_clinical_isolate_0722,0,0,1,1,1,0,1,1,0,0,1,1,1,1,0,0,0,0,0,1,0,1
EC_clinical_isolate_0723,1,0,0,0,0,1,0,0,0,1,0,0,0,0,1,1,0,1,0,0,1,0
EC_clinical_isolate_0724,0,0,1,1,0,1,1,1,0,0,0,0,0,0,1,0,0,0,0,1,1,0
EC_clinical_isolate_0725,1,0,0,0,0,1,1,0,0,0,1,0,0,0,0,1,1,0,0,1,0,0
EC_clinical_isolate_0726,0,0,1,1,1,0,0,0,0,1,0,0,0,0,0,0,1,1,0,1,0,0
EC_clinical_isolate_0727,1,0,1,0,0,1,0,1,1,1,1,0,1,0,1,1,1,1,0,1,1,1
EC_clinical_isolate_0728,0,0,1,0,1,0,0,0,0,0,1,1,1,1,1,1,1,1,0,1,0,0
EC_clinical_isolate_0729,0,0,1,0,1,0,0,0,0,1,1,0,1,1,1,0,1,1,0,1,1,1
EC_clinical_isolate_0730,0,0,1,0,0,1,0,0,0,1,1,0,1,1,0,1,0,1,0,1,0,0
EC_clinical_isolate_0731,1,0,0,0,0,1,0,0,1,1,1,0,0,0,1,0,0,1,0,1,0,0
EC_clinical_isolate_0732,1,0,0,0,0,0,0,0,0,0,1,0,1,0,1,0,1,0,0,0,0,0
EC_clinical_isolate_0733,0,0,0,0,1,0,0,0,0,1,0,0,1,0,0,0,1,1,1,0,0,0
EC_clinical_isolate_0734,0,0,1,1,1,1,0,0,0,0,1,1,1,0,1,1,1,1,1,0,1,0
EC_clinical_isolate_0735,1,0,1,0,1,0,0,1,0,0,0,0,1,0,0,0,1,1,1,0,1,1
EC_clinical_isolate_0736,0,0,0,0,0,0,1,0,1,0,0,0,1,0,0,1,1,1,0,1,0,1
EC_clinical_isolate_0737,1,0,0,0,1,1,0,1,0,0,1,0,0,0,0,0,1,0,0,1,0,1
EC_clinical_isolate_0738,0,0,0,0,1,1,0,0,0,1,0,1,1,1,0,0,0,1,0,0,0,0
EC_clinical_isolate_0739,0,0,1,1,1,1,0,0,1,0,1,1,1,0,1,1,1,1,0,1,1,0
EC_clinical_isolate_0740,0,0,0,1,1,1,0,0,0,1,0,0,1,1,1,0,1,1,1,0,0,0
EC_clinical_isolate_0741,0,0,0,0,0,1,1,0,0,0,0,1,0,0,0,0,1,1,0,1,0,1
EC_clinical_isolate_0742,1,0,0,0,0,0,1,0,0,1,0,1,0,1,0,0,1,0,0,1,0,1
EC_clinical_isolate_0743,0,0,0,1,0,1,0,0,0,1,0,1,1,0,0,1,1,0,0,0,0,0
EC_clinical_isolate_0744,0,0,1,0,0,1,1,0,0,1,1,0,0,0,1,1,1,0,1,1,1,1
EC_clinical_isolate_0745,1,0,1,1,0,0,0,0,1,1,1,0,1,0,1,0,0,1,0,0,1,0
EC_clinical_isolate_0746,0,0,1,0,0,1,0,0,0,1,1,0,0,1,1,0,1,0,0,1,0,0
EC_clinical_isolate_0747,0,0,0,1,0,0,0,0,0,1,1,0,0,0,1,1,1,1,0,1,1,0
EC_clinical_isolate_0748,1,0,0,0,1,0,1,0,1,1,0,0,0,0,0,0,0,0,0,0,0,1
EC_clinical_isolate_0749,0,0,0,0,1,0,0,1,0,0,0,0,0,1,0,1,0,1,0,1,1,0
EC_clinical_isolate_0750,0,0,1,1,1,1,0,0,0,1,0,0,0,0,1,1,1,0,1,0,0,1
EC_clinical_isolate_0751,1,0,0,0,1,1,1,0,0,0,1,1,0,0,1,1,0,1,0,0,0,1
EC_clinical_isolate_0752,0,0,0,0,0,1,0,0,1,0,1,0,0,0,1,0,1,1,0,1,0,0
EC_clinical_isolate_0753,0,1,1,0,1,1,0,1,1,1,1,1,0,0,1,1,1,1,1,1,0,0
EC_clinical_isolate_0754,0,1,1,0,0,0,1,0,1,0,1,0,0,0,1,1,0,1,0,1,0,0
EC_clinical_isolate_0755,1,0,0,0,1,0,0,1,1,1,1,1,0,0,1,1,1,0,1,1,1,1
EC_clinical_isolate_0756,0,0,1,0,0,0,0,0,0,0,1,1,1,0,1,1,1,0,1,1,1,0
EC_clinical_isolate_0757,0,0,0,0,1,0,0,1,0,0,1,0,1,0,1,1,1,1,0,0,0,0
EC_clinical_isolate_0758,1,0,0,0,0,0,0,1,1,0,0,0,0,1,1,1,1,1,0,1,1,0
EC_clinical_isolate_0759,1,0,0,1,0,1,0,1,0,0,0,0,0,0,0,0,1,0,0,1,0,0
EC_clinical_isolate_0760,0,0,0,0,1,1,0,0,0,1,1,0,1,0,0,1,0,1,1,1,0,0
EC_clinical_isolate_0761,0,1,0,0,0,1,0,0,0,0,1,1,0,0,1,0,0,1,1,0,0,0
EC_clinical_isolate_0762,0,0,0,0,1,0,0,0,0,0,0,1,1,0,0,1,0,0,0,1,1,0
EC_clinical_isolate_0763,1,0,0,0,1,1,1,0,1,0,1,1,1,0,0,1,1,0,0,1,0,1
EC_clinical_isolate_0764,0,0,1,0,1,0,1,1,0,0,1,0,0,0,0,1,1,1,0,1,0,1
EC_clinical_isolate_0765,0,0,0,0,1,0,0,0,0,1,1,0,0,0,1,1,1,0,1,1,0,1
EC_clinical_isolate_0766,1,0,1,0,1,1,0,0,1,0,0,0,0,1,0,0,1,0,0,0,0,1
EC_clinical_isolate_0767,1,0,0,0,0,1,1,0,0,1,1,0,0,0,0,0,0,0,0,1,1,0
EC_clinical_isolate_0768,0,0,1,0,1,0,0,0,0,1,1,0,0,0,0,1,0,0,0,1,0,0
EC_clinical_isolate_0769,1,0,0,0,1,1,0,0,0,1,1,0,0,0,1,1,1,1,0,1,0,1
EC_clinical_isolate_0770,0,0,0,0,1,0,1,1,1,1,1,1,1,0,0,1,1,0,1,0,0,1
EC_clinical_isolate_0771,1,0,0,0,0,1,1,0,1,0,1,0,0,1,0,0,1,0,0,1,0,1
EC_clinical_isolate_0772,0,0,0,0,1,1,1,0,1,0,0,0,0,0,1,1,0,1,0,1,1,1
EC_clinical_isolate_0773,0,0,0,0,1,1,0,0,0,1,0,1,1,0,1,1,1,0,0,0,0,0
EC_clinical_isolate_0774,1,1,1,1,1,0,0,0,0,1,1,0,0,0,0,1,1,0,0,0,1,1
EC_clinical_isolate_0775,0,0,1,0,0,0,0,0,1,1,1,0,0,0,1,1,1,1,0,1,0,0
EC_clinical_isolate_0776,0,0,1,0,0,1,0,0,1,1,0,0,0,0,0,1,0,1,0,1,1,0
EC_clinical_isolate_0777,1,1,1,0,0,1,0,0,0,0,1,0,1,0,1,1,1,1,0,0,1,0
EC_clinical_isolate_0778,1,1,0,0,1,0,0,0,0,0,1,0,1,0,0,1,1,0,1,0,1,1
EC_clinical_isolate_0779,0,0,0,0,1,1,1,0,1,1,0,0,0,0,0,0,1,1,0,0,1,1
EC_clinical_isolate_0780,1,0,0,0,1,1,1,0,1,1,0,0,0,0,1,1,0,1,1,0,0,1
EC_clinical_isolate_0781,0,0,0,1,0,1,0,1,1,0,0,0,0,0,1,1,0,1,0,1,1,0
EC_clinical_isolate_0782,0,0,0,0,0,1,1,1,1,1,1,0,0,0,0,1,1,0,0,0,1,0
EC_clinical_isolate_0783,0,0,0,1,1,1,1,1,0,0,1,1,0,0,0,1,0,0,0,0,1,1
EC_clinical_isolate_0784,0,0,0,0,1,1,0,0,0,0,1,0,1,1,1,1,1,1,0,1,0,1
EC_clinical_isolate_0785,1,0,0,0,1,1,0,1,0,1,1,1,1,0,1,1,0,1,0,0,1,1
EC_clinical_isolate_0786,0,0,1,0,0,0,0,1,0,1,1,0,0,1,0,1,0,1,0,1,0,0
EC_clinical_isolate_0787,0,0,1,0,1,1,0,1,0,0,1,0,0,0,1,1,1,0,0,1,0,1
EC_clinical_isolate_0788,0,0,0,0,0,0,0,0,0,0,1,0,1,1,0,1,1,0,0,1,0,0
EC_clinical_isolate_0789,1,0,1,0,1,1,0,1,0,0,1,0,0,0,0,0,1,1,0,1,1,1
EC_clinical_isolate_0790,0,0,1,0,0,0,0,1,0,1,1,0,0,0,0,1,1,1,0,1,0,0
EC_clinical_isolate_0791,0,0,0,1,1,1,0,0,0,0,0,0,0,1,0,1,0,0,0,0,0,1
EC_clinical_isolate_0792,0,0,0,1,0,0,1,0,0,1,1,0,0,1,0,0,1,0,0,1,0,0
EC_clinical_isolate_0793,0,0,0,0,1,0,0,1,0,1,0,1,0,0,0,0,0,1,0,1,0,1
EC_clinical_isolate_0794,0,0,1,0,1,1,0,0,0,1,1,1,1,0,0,1,1,1,1,0,1,0
EC_clinical_isolate_0795,1,1,1,0,1,0,0,0,0,0,1,0,1,0,0,1,0,1,0,1,1,1
EC_clinical_isolate_0796,1,0,0,0,0,0,0,0,1,1,0,0,0,1,0,1,0,1,1,1,0,0
EC_clinical_isolate_0797,0,0,0,0,0,0,1,1,0,0,0,0,0,0,0,0,0,1,0,0,0,0
EC_clinical_isolate_0798,1,0,0,0,0,1,0,0,0,0,1,1,1,0,1,0,0,0,1,1,0,0
EC_clinical_isolate_0799,1,0,0,0,1,1,0,0,0,0,1,1,0,1,0,1,1,1,0,1,0,1
EC_clinical_isolate_0800,1,0,0,0,0,1,1,0,0,0,0,1,1,1,1,0,1,1,0,1,0,1
EC_clinical_isolate_0801,0,1,1,1,1,1,0,1,0,1,1,0,0,0,0,0,1,1,0,1,0,1
EC_clinical_isolate_0802,0,0,1,0,1,1,0,0,1,0,0,1,0,0,0,0,1,1,0,1,0,1
EC_clinical_isolate_0803,0,0,1,1,1,0,0,1,1,0,0,0,0,1,1,0,0,0,1,0,0,0
EC_clinical_isolate_0804,0,0,1,0,1,0,1,1,0,1,0,0,1,0,1,0,0,1,0,0,0,1
EC_clinical_isolate_0805,1,0,1,0,1,1,0,0,0,0,0,1,0,1,0,1,0,1,0,0,0,1
EC_clinical_isolate_0806,1,0,0,0,0,0,0,0,1,1,1,0,0,0,0,0,0,1,0,1,0,0
EC_clinical_isolate_0807,1,0,0,0,1,0,0,0,1,0,1,1,0,0,1,1,1,0,0,1,0,1
EC_clinical_isolate_0808,0,0,0,0,1,1,0,0,0,0,1,0,1,0,1,1,1,1,0,1,1,0
EC_clinical_isolate_0809,0,0,1,0,0,1,1,0,0,1,1,1,1,0,1,1,0,1,0,1,0,1
EC_clinical_isolate_0810,1,0,0,0,0,0,0,1,0,0,0,0,1,1,0,1,0,0,0,1,0,0
EC_clinical_isolate_0811,1,1,1,0,1,0,0,1,0,0,1,0,1,0,0,1,0,0,0,1,0,1
EC_clinical_isolate_0812,0,0,0,0,1,1,0,0,0,0,0,0,0,1,1,1,0,1,0,0,1,1
EC_clinical_isolate_0813,1,0,0,0,0,1,1,0,0,0,1,0,0,0,0,1,0,1,0,1,1,1
EC_clinical_isolate_0814,1,0,0,0,1,1,0,0,0,0,1,0,0,0,1,1,1,0,0,1,1,1
EC_clinical_isolate_0815,0,0,0,0,0,1,1,0,0,0,0,0,0,0,1,1,0,1,0,1,0,0
EC_clinical_isolate_0816,0,1,1,0,0,1,1,0,1,0,1,0,1,0,1,1,1,1,0,0,0,0
EC_clinical_isolate_0817,0,0,1,0,1,1,0,1,1,1,0,0,1,0,0,0,0,1,1,1,1,0
EC_clinical_isolate_0818,0,0,0,1,1,1,0,1,0,0,1,0,0,1,0,1,0,0,0,1,0,0
EC_clinical_isolate_0819,0,1,0,0,1,0,0,0,1,0,0,0,1,1,1,1,1,1,1,0,1,1
EC_clinical_isolate_0820,1,0,0,1,0,1,1,1,0,0,0,1,1,0,0,1,1,0,0,0,0,0
EC_clinical_isolate_0821,0,1,0,0,1,0,0,0,1,1,0,1,0,0,0,0,0,0,1,0,0,1
EC_clinical_isolate_0822,0,0,0,0,0,0,0,1,0,1,1,0,0,0,0,0,1,1,0,1,1,0
EC_clinical_isolate_0823,0,0,1,0,0,1,1,0,0,1,1,0,0,1,0,1,0,1,0,0,0,1
EC_clinical_isolate_0824,0,0,0,0,1,1,0,0,0,1,0,1,0,1,0,0,0,1,0,1,0,0
EC_clinical_isolate_0825,1,0,0,0,0,1,0,1,0,0,1,0,1,1,1,1,1,0,0,1,0,0
EC_clinical_isolate_0826,0,1,0,1,1,0,0,0,1,0,1,0,0,0,0,1,1,0,1,1,1,1
EC_clinical_isolate_0827,0,0,0,0,1,1,0,1,0,1,1,0,0,0,0,1,0,1,0,1,0,1
EC_clinical_isolate_0828,1,0,0,0,0,1,1,0,0,1,0,0,1,0,0,1,0,1,0,0,0,1
EC_clinical_isolate_0829,0,0,0,0,0,1,0,0,0,0,0,0,0,0,0,1,1,1,0,1,0,0
EC_clinical_isolate_0830,0,0,0,1,0,0,0,0,0,0,1,0,0,1,1,1,0,0,1,0,1,0
EC_clinical_isolate_0831,0,0,0,0,0,0,1,0,0,1,1,0,1,0,1,1,0,0,0,1,1,0
EC_clinical_isolate_0832,0,1,0,0,1,1,0,0,0,1,1,0,0,1,0,1,1,0,0,0,0,1
EC_clinical_isolate_0833,0,0,0,0,1,0,1,0,1,0,0,0,0,1,1,1,1,1,0,1,0,1
EC_clinical_isolate_0834,0,0,0,1,0,1,1,0,1,1,1,0,1,1,0,1,0,0,0,1,0,0
EC_clinical_isolate_0835,0,0,1,1,0,1,0,0,1,0,0,0,0,1,1,1,1,0,1,1,0,0
EC_clinical_isolate_0836,1,0,0,0,1,0,0,0,0,0,1,0,1,0,0,0,1,1,0,1,1,1
EC_clinical_isolate_0837,0,0,0,1,1,0,0,0,0,0,1,1,0,1,0,0,1,0,0,0,0,1
EC_clinical_isolate_0838,0,0,0,1,0,0,0,1,0,0,0,0,0,0,1,1,1,0,0,0,0,0
EC_clinical_isolate_0839,0,1,0,0,0,1,0,0,0,0,1,0,0,0,1,0,1,0,1,1,0,0
EC_clinical_isolate_0840,0,0,0,0,1,0,0,0,0,1,0,0,0,1,0,1,0,0,0,1,0,1
EC_clinical_isolate_0841,1,0,1,0,0,1,0,0,1,0,1,0,1,0,1,0,0,1,1,1,0,0
EC_clinical_isolate_0842,0,0,1,1,0,1,1,0,0,1,1,0,1,1,0,1,1,1,0,0,0,1
EC_clinical_isolate_0843,1,1,0,0,1,1,0,0,1,0,1,0,1,1,1,0,1,0,0,1,1,1
EC_clinical_isolate_0844,0,0,0,1,1,0,0,0,1,0,0,1,1,1,0,1,1,0,0,1,0,1
EC_clinical_isolate_0845,0,0,0,0,1,0,0,0,1,1,0,0,0,0,1,0,1,1,0,1,0,1
EC_clinical_isolate_0846,0,0,1,1,1,1,1,0,1,1,1,1,1,1,0,1,1,1,1,1,0,1
EC_clinical_isolate_0847,1,0,0,0,1,1,0,1,0,1,1,0,1,0,0,0,1,1,0,1,1,1
EC_clinical_isolate_0848,0,0,0,0,0,1,1,0,0,1,1,1,1,1,1,0,1,1,0,0,0,0
EC_clinical_isolate_0849,0,0,0,1,0,0,0,0,0,0,0,1,1,0,1,1,1,0,1,0,1,0
EC_clinical_isolate_0850,0,0,0,1,0,0,0,0,0,0,0,1,1,1,1,0,0,1,0,1,1,0
EC_clinical_isolate_0851,1,0,0,1,0,1,0,1,0,1,1,0,0,0,0,0,1,1,0,1,1,0
EC_clinical_isolate_0852,0,1,0,0,1,0,0,0,0,1,1,0,1,0,0,1,1,1,0,1,0,1
EC_clinical_isolate_0853,1,1,0,0,1,1,0,0,0,1,1,0,0,0,0,0,1,1,0,1,0,1
EC_clinical_isolate_0854,0,0,1,0,1,1,0,0,1,1,1,1,0,0,0,1,1,0,1,1,0,0
EC_clinical_isolate_0855,0,0,0,0,1,0,0,0,1,1,1,1,1,1,1,0,0,1,0,1,0,0
EC_clinical_isolate_0856,0,0,0,0,0,1,1,0,0,0,0,0,0,0,0,0,1,1,0,1,1,0
EC_clinical_isolate_0857,0,0,1,0,0,1,0,1,0,1,0,1,0,0,1,1,1,1,0,0,0,0
EC_clinical_isolate_0858,0,0,0,0,1,0,1,0,0,1,1,0,0,0,1,0,1,0,0,1,0,1
EC_clinical_isolate_0859,0,0,0,1,1,1,0,0,0,1,1,0,1,0,0,1,1,1,0,1,0,1
EC_clinical_isolate_0860,1,0,0,0,1,0,0,0,1,0,1,0,0,0,1,1,0,1,0,0,1,1
EC_clinical_isolate_0861,0,0,0,0,1,1,0,0,0,0,1,0,1,1,1,0,1,0,0,1,0,1
EC_clinical_isolate_0862,0,0,1,0,1,0,0,0,0,0,1,1,0,0,1,1,1,0,0,1,0,0
EC_clinical_isolate_0863,0,0,0,0,1,1,0,0,1,0,0,0,0,0,0,0,0,0,0,1,0,0
EC_clinical_isolate_0864,0,0,0,0,0,1,0,0,1,1,1,0,0,0,1,0,1,1,0,0,1,0
EC_clinical_isolate_0865,0,0,0,1,1,1,0,0,0,0,1,0,1,0,0,0,1,1,0,0,0,0
EC_clinical_isolate_0866,0,0,0,1,1,0,1,0,0,0,1,0,0,0,0,0,0,1,0,0,0,1
EC_clinical_isolate_0867,0,0,1,1,0,1,0,0,0,0,1,0,1,0,1,1,1,0,0,0,0,0
EC_clinical_isolate_0868,1,0,0,1,1,0,1,0,0,1,1,0,1,1,1,0,0,1,1,1,1,1
EC_clinical_isolate_0869,1,0,0,0,0,1,0,0,0,0,0,0,1,0,0,1,1,1,0,0,0,0
EC_clinical_isolate_0870,0,0,1,0,1,1,0,0,0,0,1,1,1,0,1,1,0,1,0,1,1,1
EC_clinical_isolate_0871,0,0,0,0,0,0,0,0,0,0,1,1,0,0,1,0,0,0,1,0,0,0
EC_clinical_isolate_0872,0,1,1,0,1,0,0,0,0,0,1,0,0,0,0,1,1,0,0,0,0,1
EC_clinical_isolate_0873,0,1,1,0,0,1,0,0,0,0,1,0,1,1,1,1,1,1,0,1,0,0
EC_clinical_isolate_0874,0,1,1,0,1,0,0,1,1,0,0,0,1,0,1,0,1,0,1,1,0,0
EC_clinical_isolate_0875,0,0,0,0,0,1,0,0,0,1,0,0,1,1,1,0,1,0,0,1,0,0
EC_clinical_isolate_0876,1,0,0,0,0,0,0,0,0,0,0,0,1,0,0,1,1,0,0,1,0,1
EC_clinical_isolate_0877,0,1,1,0,1,0,0,1,1,0,0,0,1,0,0,1,0,1,0,1,0,1
EC_clinical_isolate_0878,0,0,0,0,1,1,0,1,0,1,1,0,0,0,1,1,1,0,1,1,0,1
EC_clinical_isolate_0879,0,0,0,0,0,1,0,0,1,0,1,1,1,0,0,0,1,0,1,1,0,0
EC_clinical_isolate_0880,0,0,1,0,0,1,1,1,0,1,1,0,1,0,0,1,1,1,1,0,1,0
EC_clinical_isolate_0881,1,0,1,0,1,0,1,0,0,0,1,0,1,0,1,1,1,1,0,1,1,1
EC_clinical_isolate_0882,0,1,0,1,1,0,0,0,0,1,0,1,0,0,0,1,1,1,0,0,0,0
EC_clinical_isolate_0883,0,0,0,0,1,0,1,0,0,1,1,0,1,0,1,0,0,1,0,1,0,1
EC_clinical_isolate_0884,1,0,0,0,0,1,1,0,0,1,1,0,1,0,1,1,1,1,0,0,1,1
EC_clinical_isolate_0885,0,0,1,1,1,1,0,0,0,0,0,0,0,0,1,0,0,1,1,1,1,0
EC_clinical_isolate_0886,0,0,1,0,0,1,0,0,0,0,1,1,1,1,1,1,0,1,0,1,1,0
EC_clinical_isolate_0887,0,0,0,0,0,1,1,1,0,0,1,0,0,0,0,1,0,0,0,0,0,1
EC_clinical_isolate_0888,0,0,0,0,1,1,0,1,0,1,1,1,1,1,0,1,1,1,0,1,0,1
EC_clinical_isolate_0889,0,0,1,0,1,1,1,1,0,1,0,0,0,0,1,0,0,0,0,0,0,1
EC_clinical_isolate_0890,1,1,0,1,1,1,0,1,0,0,1,0,0,0,0,1,1,0,0,0,0,1
EC_clinical_isolate_0891,1,0,0,1,0,1,0,1,0,0,0,0,0,0,1,1,1,1,0,1,0,1
EC_clinical_isolate_0892,1,0,1,0,1,0,0,0,0,0,0,0,1,0,1,1,1,1,0,1,0,1
EC_clinical_isolate_0893,0,0,0,0,0,0,0,0,0,0,1,1,0,0,0,1,1,1,0,1,0,0
EC_clinical_isolate_0894,1,0,1,0,1,1,1,0,0,0,1,0,1,0,1,0,1,1,1,1,1,1
EC_clinical_isolate_0895,0,0,0,0,0,0,1,1,0,0,1,0,1,0,0,1,1,1,0,1,0,0
EC_clinical_isolate_0896,0,0,0,0,0,0,0,0,1,1,1,0,1,0,0,1,1,1,0,1,0,0
EC_clinical_isolate_0897,1,0,1,0,0,0,0,1,0,1,1,1,0,1,1,1,1,1,1,1,1,1
EC_clinical_isolate_0898,0,0,0,0,1,1,1,0,0,1,1,0,1,0,1,1,1,1,0,0,1,1
EC_clinical_isolate_0899,0,1,1,0,0,0,0,0,0,0,1,1,1,0,0,1,1,0,0,0,0,0
EC_clinical_isolate_0900,0,0,0,0,1,0,0,1,0,1,1,0,0,0,0,1,0,0,0,0,1,0
EC_clinical_isolate_0901,0,0,0,0,0,0,0,0,0,1,1,0,0,1,0,0,1,1,0,1,0,0
EC_clinical_isolate_0902,0,0,0,0,1,1,1,0,0,0,1,0,0,0,0,1,0,0,0,0,0,1
EC_clinical_isolate_0903,0,0,0,1,0,1,1,0,0,1,0,0,1,0,0,1,0,0,0,0,1,0
EC_clinical_isolate_0904,0,0,0,0,1,1,0,0,0,0,1,0,0,1,0,1,1,0,0,1,0,0
EC_clinical_isolate_0905,1,1,0,0,1,1,0,0,0,0,1,0,0,1,1,1,1,0,0,0,0,1
EC_clinical_isolate_0906,1,1,0,1,0,1,1,0,0,0,1,0,1,0,1,0,1,1,0,1,0,1
EC_clinical_isolate_0907,0,0,0,0,1,0,0,0,0,0,1,1,1,0,0,1,1,1,0,1,0,1
EC_clinical_isolate_0908,0,1,1,0,1,0,0,0,0,1,0,0,1,1,0,0,1,1,0,0,0,0
EC_clinical_isolate_0909,0,0,1,0,1,0,0,1,0,0,1,0,1,1,1,0,0,1,0,0,0,1
EC_clinical_isolate_0910,0,0,1,0,1,0,1,0,0,0,1,0,0,0,1,0,1,1,0,1,0,1
EC_clinical_isolate_0911,0,0,0,0,0,1,0,0,0,0,0,0,1,0,1,1,0,1,0,1,1,0
EC_clinical_isolate_0912,0,1,0,0,0,1,0,0,0,1,1,0,0,0,0,1,0,1,0,0,0,0
EC_clinical_isolate_0913,0,0,1,0,0,1,0,0,0,0,1,0,1,0,0,0,1,1,0,0,0,0
EC_clinical_isolate_0914,0,0,0,1,0,1,0,1,1,1,1,0,1,1,0,1,0,0,1,1,0,0
EC_clinical_isolate_0915,0,0,0,0,0,1,0,0,0,1,0,0,0,0,1,0,0,0,0,1,1,0
EC_clinical_isolate_0916,0,0,1,0,0,0,0,0,0,0,1,0,1,1,0,1,1,1,0,1,1,0
EC_clinical_isolate_0917,1,0,1,1,0,0,0,0,1,0,1,0,0,1,1,1,0,1,0,1,1,0
EC_clinical_isolate_0918,1,1,0,0,1,1,0,1,0,1,1,0,0,0,0,1,0,1,0,1,0,1
EC_clinical_isolate_0919,0,0,0,1,0,1,0,1,0,0,1,0,1,0,0,0,0,1,0,1,0,0
EC_clinical_isolate_0920,1,0,1,0,0,0,0,0,1,0,1,0,1,0,1,1,0,0,1,1,0,0
EC_clinical_isolate_0921,0,1,0,1,1,1,1,0,0,1,1,0,1,0,0,1,0,0,0,1,0,0
EC_clinical_isolate_0922,1,0,1,0,0,1,1,1,1,0,1,0,0,0,1,1,1,1,1,0,0,1
EC_clinical_isolate_0923,1,1,1,1,0,1,0,0,1,0,0,0,1,0,0,0,0,0,0,0,1,0
EC_clinical_isolate_0924,0,0,1,1,0,1,1,1,1,0,1,0,0,0,0,1,1,1,0,0,0,0
EC_clinical_isolate_0925,0,0,0,0,1,0,0,0,0,0,1,0,0,0,0,1,0,1,1,0,1,1
EC_clinical_isolate_0926,0,0,0,0,1,0,1,0,0,1,1,0,0,1,0,0,1,1,0,0,0,1
EC_clinical_isolate_0927,0,1,1,0,0,1,0,0,0,1,0,0,0,0,0,0,1,0,1,0,1,0
EC_clinical_isolate_0928,0,0,0,0,1,0,0,0,0,1,0,0,1,0,1,1,1,1,1,1,0,0
EC_clinical_isolate_0929,0,0,1,0,1,1,0,0,0,1,0,0,0,1,1,1,1,1,0,1,1,1
EC_clinical_isolate_0930,0,0,0,0,1,1,0,1,0,0,0,0,0,0,0,1,1,1,0,1,0,1
EC_clinical_isolate_0931,1,0,0,0,1,0,1,0,0,0,1,0,0,0,0,0,0,1,0,1,1,1
EC_clinical_isolate_0932,1,0,1,0,1,1,0,0,0,0,0,0,1,0,1,1,1,1,0,0,0,1
EC_clinical_isolate_0933,0,0,1,0,0,1,0,0,0,0,1,0,1,1,0,1,1,0,0,1,0,0
EC_clinical_isolate_0934,0,1,1,0,0,0,0,0,0,1,0,0,0,0,0,1,0,1,0,1,0,0
EC_clinical_isolate_0935,0,0,1,0,1,1,0,1,1,1,0,0,1,0,0,1,0,1,0,0,0,0
EC_clinical_isolate_0936,0,0,0,0,1,1,0,1,1,0,1,0,0,0,1,0,0,0,0,0,1,0
EC_clinical_isolate_0937,1,0,1,0,1,1,0,0,0,0,0,0,1,0,0,1,1,0,0,0,1,1
EC_clinical_isolate_0938,0,1,1,0,1,0,1,1,1,0,1,0,0,0,1,1,0,0,0,0,0,1
EC_clinical_isolate_0939,0,0,0,0,1,1,0,1,1,0,0,0,0,0,0,0,0,1,0,0,1,0
EC_clinical_isolate_0940,0,0,0,0,0,1,0,1,0,0,1,1,1,1,0,1,1,1,0,0,0,0
EC_clinical_isolate_0941,0,0,0,0,1,0,1,0,0,0,1,0,1,1,0,1,1,0,0,0,0,1
EC_clinical_isolate_0942,0,0,0,1,1,0,0,1,0,1,1,0,0,0,1,1,0,1,0,0,0,0
EC_clinical_isolate_0943,1,0,1,0,1,1,0,0,0,1,0,0,1,0,1,0,0,1,0,1,1,1
EC_clinical_isolate_0944,0,0,0,0,1,0,0,0,0,0,1,1,1,0,0,1,1,0,1,0,0,1
EC_clinical_isolate_0945,0,0,0,0,1,1,1,1,0,0,1,1,1,1,0,1,1,0,0,0,1,1
EC_clinical_isolate_0946,0,0,0,1,0,1,0,0,1,0,1,0,0,0,1,0,1,0,0,1,0,0
EC_clinical_isolate_0947,1,0,0,1,1,1,1,0,0,1,1,1,0,0,1,1,1,1,0,1,0,1
EC_clinical_isolate_0948,1,0,0,0,0,0,1,1,0,1,0,0,1,1,0,0,0,0,0,0,0,0
EC_clinical_isolate_0949,0,0,0,0,1,1,0,1,1,1,1,0,0,1,1,0,0,1,0,1,0,0
EC_clinical_isolate_0950,0,0,1,1,1,0,0,0,0,0,0,0,0,0,0,0,1,1,0,0,0,1
EC_clinical_isolate_0951,1,0,0,0,0,1,0,1,1,1,0,0,0,1,0,0,1,1,0,0,0,1
EC_clinical_isolate_0952,0,0,0,0,1,1,0,0,0,0,1,0,1,1,0,0,1,0,0,0,1,1
EC_clinical_isolate_0953,1,0,0,0,0,1,1,0,1,1,0,0,0,0,1,1,1,1,1,1,0,1
EC_clinical_isolate_0954,0,0,1,0,0,1,1,1,0,0,0,0,1,0,0,1,1,1,0,0,1,0
EC_clinical_isolate_0955,0,0,0,1,0,1,0,0,0,0,0,0,0,1,1,1,0,0,0,1,0,1
EC_clinical_isolate_0956,0,0,1,1,1,1,0,0,0,1,1,1,0,0,1,0,0,0,0,0,0,1
EC_clinical_isolate_0957,0,0,1,1,1,1,0,0,0,0,1,0,0,0,1,1,0,1,0,1,0,0
EC_clinical_isolate_0958,0,0,1,0,1,1,0,0,1,0,1,0,0,0,0,1,0,1,0,0,0,1
EC_clinical_isolate_0959,1,0,0,1,0,0,0,0,0,0,0,1,1,1,0,0,0,0,0,1,0,0
EC_clinical_isolate_0960,0,0,1,0,1,0,0,1,1,0,1,0,1,1,1,1,1,1,0,1,0,0
EC_clinical_isolate_0961,0,0,0,0,1,1,0,1,0,0,1,0,0,0,1,1,0,1,0,1,0,1
EC_clinical_isolate_0962,0,1,1,1,0,0,0,0,0,0,1,1,0,1,1,1,0,1,0,0,1,0
EC_clinical_isolate_0963,0,0,0,0,0,1,0,1,1,0,0,1,1,1,0,0,0,0,0,1,0,0
EC_clinical_isolate_0964,0,1,0,0,0,1,1,0,0,0,1,1,1,1,0,0,1,1,0,1,0,1
EC_clinical_isolate_0965,0,0,0,0,1,0,1,0,0,1,1,0,1,0,1,1,1,0,0,0,1,1
EC_clinical_isolate_0966,1,0,0,1,1,1,0,1,1,0,0,0,1,0,0,1,1,1,0,1,1,1
EC_clinical_isolate_0967,0,0,1,0,1,0,0,0,1,0,0,0,0,1,1,0,1,1,0,1,0,1
EC_clinical_isolate_0968,0,0,0,0,0,1,0,0,1,0,0,0,1,0,0,0,1,1,0,1,1,0
EC_clinical_isolate_0969,0,0,0,0,1,1,0,0,1,1,1,0,0,0,0,1,0,1,0,0,1,1
EC_clinical_isolate_0970,1,0,0,1,0,1,0,0,0,1,0,0,0,1,0,1,0,0,0,1,0,0
EC_clinical_isolate_0971,1,0,1,1,0,1,1,1,1,0,1,1,1,0,0,1,0,1,1,0,0,1
EC_clinical_isolate_0972,1,1,1,0,1,1,0,0,0,1,0,0,1,1,0,0,1,0,0,1,1,1
EC_clinical_isolate_0973,0,0,1,0,0,1,0,0,1,1,1,0,1,0,1,1,0,1,1,1,0,0
EC_clinical_isolate_0974,0,0,1,0,1,0,0,0,0,1,0,0,0,0,0,0,0,0,0,1,0,1
EC_clinical_isolate_0975,0,0,0,1,0,0,0,0,0,1,1,0,0,0,0,0,1,1,0,0,0,0
EC_clinical_isolate_0976,0,0,0,0,1,1,0,0,0,1,1,1,0,0,1,0,1,1,0,1,1,0
EC_clinical_isolate_0977,0,0,1,1,0,1,1,0,0,1,0,0,1,0,0,1,1,1,0,0,1,1
EC_clinical_isolate_0978,0,0,0,0,1,1,0,1,0,1,1,0,0,1,0,1,0,0,1,1,0,1
EC_clinical_isolate_0979,0,0,0,1,0,1,0,1,1,0,0,0,1,0,1,1,1,1,0,1,1,0
EC_clinical_isolate_0980,0,0,0,1,0,0,0,0,1,1,1,0,0,0,1,0,1,0,0,1,0,0
EC_clinical_isolate_0981,1,0,0,0,1,1,1,0,0,1,1,0,1,0,0,0,0,1,0,0,0,1
EC_clinical_isolate_0982,0,0,0,1,0,1,0,0,1,0,0,1,1,0,0,0,1,1,0,0,0,0
EC_clinical_isolate_0983,0,0,1,0,1,0,0,1,0,1,0,0,0,0,1,0,1,1,1,0,1,0
EC_clinical_isolate_0984,1,1,0,0,1,0,1,1,0,0,1,0,0,0,0,1,0,1,0,1,0,1
EC_clinical_isolate_0985,0,1,0,0,0,1,0,0,0,0,1,0,1,0,1,0,0,0,0,0,0,0
EC_clinical_isolate_0986,1,0,0,1,0,0,0,0,1,1,1,0,0,1,1,0,1,1,0,1,0,0
EC_clinical_isolate_0987,0,0,1,0,1,0,0,0,0,0,1,0,1,0,1,0,0,0,1,1,0,1
EC_clinical_isolate_0988,0,0,0,0,1,0,0,0,0,0,0,0,1,1,0,0,1,1,0,0,0,1
EC_clinical_isolate_0989,1,0,1,0,1,1,0,0,0,0,0,0,0,1,0,1,0,1,1,0,0,1
EC_clinical_isolate_0990,1,1,1,0,1,1,0,0,0,0,1,1,1,1,1,1,1,1,0,0,1,1
EC_clinical_isolate_0991,1,0,0,0,1,1,0,0,0,0,0,1,0,0,0,1,1,1,0,0,0,1
EC_clinical_isolate_0992,0,0,1,0,0,1,0,0,0,0,1,1,1,0,0,1,1,0,0,1,1,0
EC_clinical_isolate_0993,0,0,1,1,1,0,0,0,0,0,0,1,0,0,1,0,0,1,0,1,0,0
EC_clinical_isolate_0994,0,0,1,0,1,1,0,0,0,1,0,0,1,1,0,0,0,0,0,1,0,0
EC_clinical_isolate_0995,0,0,1,0,0,0,0,0,1,1,1,0,0,0,0,1,0,1,0,0,0,0
EC_clinical_isolate_0996,1,1,0,0,0,0,1,0,0,0,1,1,0,0,1,1,0,1,0,1,1,1
EC_clinical_isolate_0997,0,0,0,0,0,1,0,0,0,1,1,1,0,0,0,0,0,0,0,0,0,0
EC_clinical_isolate_0998,1,0,0,1,0,1,0,0,0,0,0,0,1,0,0,0,1,0,1,0,1,0
EC_clinical_isolate_0999,0,1,0,1,1,0,0,0,1,0,0,0,1,0,0,0,0,0,0,1,1,0
EC_clinical_isolate_1000,0,0,1,0,0,1,0,0,1,0,1,1,1,0,1,0,1,1,0,1,0,0
EC_clinical_isolate_1001,0,0,0,1,0,1,0,0,1,1,1,0,0,0,0,0,1,0,0,0,0,0
EC_clinical_isolate_1002,1,0,1,1,0,0,0,0,0,1,1,1,1,0,0,0,1,1,0,1,0,0
EC_clinical_isolate_1003,1,0,1,1,1,0,0,0,1,0,0,0,1,0,1,1,1,1,1,1,0,1
EC_clinical_isolate_1004,1,1,1,0,1,0,0,0,0,0,1,0,0,0,1,0,0,0,0,1,0,1
EC_clinical_isolate_1005,0,0,1,1,0,0,1,1,0,0,1,0,0,0,0,0,1,1,0,0,0,0
EC_clinical_isolate_1006,1,1,0,0,0,1,0,0,0,0,1,0,0,1,1,1,1,1,0,1,0,0
EC_clinical_isolate_1007,1,0,0,0,1,0,0,0,0,1,1,0,0,0,0,1,1,0,0,1,1,1
EC_clinical_isolate_1008,0,1,0,0,1,0,0,0,1,0,1,0,0,1,1,1,1,1,0,1,0,0
EC_clinical_isolate_1009,0,0,0,0,0,1,0,0,1,1,1,0,1,0,0,0,1,0,0,1,0,0
EC_clinical_isolate_1010,0,0,0,0,0,1,0,0,0,0,1,1,0,1,0,1,0,0,0,1,0,0
EC_clinical_isolate_1011,1,0,0,0,0,0,0,0,0,1,1,0,1,0,1,0,0,1,0,1,1,0
EC_clinical_isolate_1012,1,1,1,0,0,0,0,0,0,1,1,0,1,0,0,1,1,1,1,0,0,1
EC_clinical_isolate_1013,0,0,0,1,1,0,1,1,0,0,1,0,1,0,0,0,1,1,0,1,1,1
EC_clinical_isolate_1014,1,0,0,1,1,1,1,0,0,1,1,0,1,1,0,0,1,1,1,0,1,1
EC_clinical_isolate_1015,1,0,1,0,1,1,0,0,1,1,0,0,0,0,1,1,0,1,1,0,0,1
EC_clinical_isolate_1016,0,0,0,1,1,1,0,0,1,0,0,0,1,0,0,1,1,0,0,1,0,0
EC_clinical_isolate_1017,0,1,0,1,1,1,1,1,0,0,0,0,0,0,0,1,1,0,0,0,0,1
EC_clinical_isolate_1018,1,0,1,1,1,1,0,1,1,1,0,0,1,0,0,0,0,0,0,1,1,1
EC_clinical_isolate_1019,0,0,0,0,1,1,0,0,0,0,0,0,1,0,0,0,0,1,0,1,1,0
EC_clinical_isolate_1020,1,0,1,0,0,1,0,1,0,0,0,0,1,0,0,0,0,1,0,1,1,0
EC_clinical_isolate_1021,0,0,0,1,0,0,0,0,0,0,0,0,1,0,0,1,1,0,0,1,0,0
EC_clinical_isolate_1022,1,0,1,0,1,1,0,1,0,1,1,1,0,0,0,1,1,0,0,0,0,1
EC_clinical_isolate_1023,1,0,0,0,0,1,0,1,0,1,0,1,0,1,0,1,0,1,0,1,0,0
EC_clinical_isolate_1024,1,0,0,0,0,0,0,0,0,1,0,1,1,0,1,0,0,0,0,1,0,0
EC_clinical_isolate_1025,0,0,0,0,1,1,0,0,0,0,1,1,0,0,1,1,1,1,0,0,0,1
EC_clinical_isolate_1026,1,0,1,0,1,0,1,0,0,0,1,0,1,1,1,0,1,1,0,0,0,1
EC_clinical_isolate_1027,1,0,0,0,1,1,0,0,1,1,1,0,0,0,0,0,1,1,0,0,0,1
EC_clinical_isolate_1028,0,0,0,0,1,1,0,0,0,1,1,0,1,0,1,1,1,0,1,1,0,1
EC_clinical_isolate_1029,1,0,1,1,0,1,0,0,1,0,1,1,0,1,0,1,0,1,0,1,0,1
EC_clinical_isolate_1030,0,0,1,1,1,1,0,0,1,0,1,1,0,0,1,0,1,0,0,0,0,1
EC_clinical_isolate_1031,0,1,0,0,1,0,1,0,0,0,1,1,1,0,0,0,0,1,0,1,0,1
EC_clinical_isolate_1032,0,1,1,1,1,1,0,0,0,1,1,0,0,1,0,0,1,1,0,0,0,1
EC_clinical_isolate_1033,0,0,0,0,0,1,0,0,1,1,1,0,0,1,0,0,0,1,0,1,0,0
EC_clinical_isolate_1034,0,0,0,0,1,1,0,0,0,1,1,0,0,0,0,0,1,1,0,1,1,0
EC_clinical_isolate_1035,1,1,0,1,1,1,0,0,1,1,1,0,0,0,1,0,0,0,1,0,0,1
EC_clinical_isolate_1036,0,0,1,1,0,1,0,0,0,0,0,0,0,0,1,0,1,1,0,1,1,0
EC_clinical_isolate_1037,1,0,1,1,0,1,0,0,0,1,1,0,0,0,1,1,0,1,0,1,0,0
EC_clinical_isolate_1038,0,0,0,0,0,0,0,0,1,1,1,1,1,0,1,1,1,0,0,1,0,0
EC_clinical_isolate_1039,0,0,0,1,0,1,0,1,1,0,1,0,0,0,0,1,1,0,0,0,0,0
EC_clinical_isolate_1040,0,0,0,0,1,1,0,0,1,1,1,1,1,1,0,1,0,1,0,0,0,1
EC_clinical_isolate_1041,1,0,1,0,0,1,0,0,0,0,1,0,0,1,1,1,1,1,0,0,0,0
EC_clinical_isolate_1042,0,1,1,1,0,0,1,0,1,1,1,1,0,0,0,0,1,1,1,1,1,0
EC_clinical_isolate_1043,0,1,1,0,1,0,1,0,1,1,1,1,0,0,1,0,1,1,0,1,0,1
EC_clinical_isolate_1044,1,0,1,0,0,1,1,0,1,1,0,1,1,0,0,1,1,1,0,0,0,1
EC_clinical_isolate_1045,0,0,1,1,1,1,1,0,0,1,1,0,0,0,0,1,1,1,0,1,0,1
EC_clinical_isolate_1046,0,0,0,0,0,1,0,0,0,0,0,1,1,0,1,1,1,1,1,0,0,0
EC_clinical_isolate_1047,0,0,0,0,1,1,0,1,1,0,0,0,1,1,0,1,1,0,0,0,1,0
EC_clinical_isolate_1048,1,0,0,1,1,1,0,0,0,0,1,0,0,0,0,1,0,1,0,1,1,1
EC_clinical_isolate_1049,0,0,1,0,1,1,1,0,0,1,0,0,1,1,0,0,0,0,1,0,0,1
EC_clinical_isolate_1050,1,1,1,1,0,0,0,1,0,1,1,1,0,0,1,0,1,0,0,0,0,0
EC_clinical_isolate_1051,0,0,0,0,1,1,1,0,0,1,0,0,0,0,0,0,0,1,0,0,0,1
EC_clinical_isolate_1052,1,0,1,0,0,0,0,0,0,0,0,1,1,0,0,0,1,1,1,1,1,1
EC_clinical_isolate_1053,1,1,0,1,0,1,1,0,0,1,1,0,1,0,0,0,0,0,0,1,0,1
EC_clinical_isolate_1054,1,0,0,0,0,1,0,0,1,1,0,0,1,1,0,0,0,0,0,1,1,1
EC_clinical_isolate_1055,0,0,1,0,1,1,0,1,0,1,1,1,1,1,0,0,1,1,0,1,0,1
EC_clinical_isolate_1056,1,0,1,1,1,1,1,0,0,0,1,0,1,0,0,1,1,1,0,1,1,1
EC_clinical_isolate_1057,0,0,1,0,1,1,0,1,0,0,1,1,1,0,1,0,1,1,0,0,0,0
EC_clinical_isolate_1058,0,0,0,0,0,1,1,1,0,0,1,0,0,0,1,1,1,1,0,1,0,0
EC_clinical_isolate_1059,0,0,0,0,0,0,0,1,0,1,1,0,1,1,0,1,0,0,0,1,0,0
EC_clinical_isolate_1060,1,0,0,1,1,1,0,1,0,1,1,0,1,1,1,1,0,0,0,1,1,1
EC_clinical_isolate_1061,1,1,0,1,1,0,0,0,0,1,1,0,0,0,1,1,0,0,0,1,1,1
EC_clinical_isolate_1062,1,0,0,0,1,1,0,0,1,0,0,0,0,0,0,0,1,0,1,1,1,1
EC_clinical_isolate_1063,0,0,1,0,0,0,0,0,0,0,1,0,0,0,0,0,0,1,0,0,1,0
EC_clinical_isolate_1064,0,0,0,1,1,0,0,0,0,1,1,0,1,0,0,1,0,0,0,1,0,0
EC_clinical_isolate_1065,1,0,1,0,1,0,0,1,0,1,1,0,1,0,0,1,1,0,0,0,1,1
EC_clinical_isolate_1066,0,0,1,0,0,1,0,0,0,1,1,0,1,0,0,1,1,1,0,1,1,0
EC_clinical_isolate_1067,0,0,0,0,0,1,0,1,1,1,1,1,0,1,1,0,0,1,1,0,0,0
EC_clinical_isolate_1068,0,0,0,1,1,0,0,1,1,0,1,0,1,0,0,1,0,1,0,0,0,1
EC_clinical_isolate_1069,0,0,1,1,1,1,1,1,0,1,1,1,0,0,1,1,1,1,0,1,0,1
EC_clinical_isolate_1070,0,0,0,0,0,0,0,1,0,1,0,0,1,1,0,1,1,0,0,0,0,0
EC_clinical_isolate_1071,0,0,1,0,0,1,0,0,0,0,0,0,1,0,0,0,0,1,0,1,1,0
EC_clinical_isolate_1072,0,0,1,1,1,1,0,0,0,0,1,0,1,0,0,1,1,0,0,1,0,1
EC_clinical_isolate_1073,0,1,1,0,1,1,0,0,1,0,1,0,1,0,0,1,1,1,1,1,0,1
EC_clinical_isolate_1074,1,0,1,1,1,1,0,0,0,0,0,0,1,0,1,1,1,1,0,0,0,1
EC_clinical_isolate_1075,0,0,0,0,1,0,1,0,0,1,0,0,0,0,1,0,1,1,1,0,0,1
EC_clinical_isolate_1076,0,0,0,0,0,1,1,1,0,0,0,1,0,0,0,1,1,1,0,0,0,0
EC_clinical_isolate_1077,1,0,0,0,1,1,0,1,0,0,1,1,1,1,1,0,1,1,1,1,1,1
EC_clinical_isolate_1078,0,0,0,0,0,1,0,0,0,0,1,0,0,0,1,0,0,1,0,1,0,0
EC_clinical_isolate_1079,1,0,0,1,1,1,1,0,0,1,1,1,0,1,1,1,0,0,1,1,1,1
EC_clinical_isolate_1080,1,0,0,0,1,0,0,0,1,0,0,0,1,0,0,0,1,1,0,1,0,1
EC_clinical_isolate_1081,0,0,1,1,1,1,0,0,0,1,0,0,0,1,1,1,1,0,1,1,1,1
EC_clinical_isolate_1082,0,0,0,0,1,1,0,0,0,0,0,0,0,0,0,1,1,1,0,1,0,0
EC_clinical_isolate_1083,1,0,0,0,1,0,0,0,0,0,0,1,1,1,1,0,0,0,0,0,0,1
EC_clinical_isolate_1084,1,0,0,0,1,0,1,0,1,0,1,0,0,0,0,1,1,0,0,0,0,1
EC_clinical_isolate_1085,0,1,0,0,1,0,0,0,0,0,1,1,0,0,0,1,0,1,1,0,1,1
EC_clinical_isolate_1086,0,0,0,1,1,1,0,0,1,0,0,0,0,0,0,0,1,0,0,0,0,0
EC_clinical_isolate_1087,0,0,0,0,1,1,0,0,1,0,0,0,1,1,0,1,0,1,0,1,0,1
EC_clinical_isolate_1088,1,0,0,0,1,0,1,0,1,1,0,0,1,0,1,0,1,0,0,1,1,1
EC_clinical_isolate_1089,0,0,0,0,0,0,1,0,0,1,1,0,1,0,0,1,1,1,0,1,0,1
EC_clinical_isolate_1090,1,0,1,0,1,1,0,0,0,0,0,0,0,0,0,0,0,1,0,1,0,1
EC_clinical_isolate_1091,0,0,1,0,0,1,0,1,0,0,0,0,1,1,1,0,0,1,0,1,0,0
EC_clinical_isolate_1092,0,0,1,1,1,0,0,0,0,1,0,0,1,0,0,0,1,0,0,1,0,0
EC_clinical_isolate_1093,0,0,0,0,0,0,1,0,0,1,1,0,1,1,0,1,1,0,0,0,0,1
EC_clinical_isolate_1094,0,0,1,0,1,1,1,1,0,0,1,0,1,1,1,1,0,1,1,0,0,1
EC_clinical_isolate_1095,0,0,1,0,1,0,0,0,1,1,1,0,0,0,0,1,0,0,1,0,1,1
EC_clinical_isolate_1096,0,0,0,1,1,0,0,1,0,1,1,0,0,0,0,0,0,0,0,0,0,0
EC_clinical_isolate_1097,0,0,1,0,1,1,0,0,0,1,1,0,0,1,0,1,1,1,0,1,0,1
EC_clinical_isolate_1098,1,0,0,0,0,1,0,0,0,0,1,0,0,0,1,0,0,1,0,1,0,0
EC_clinical_isolate_1099,0,0,1,0,0,0,0,0,0,0,0,0,1,0,1,0,0,0,0,0,0,0
EC_clinical_isolate_1100,0,0,1,0,0,0,0,0,0,0,0,0,1,1,0,1,1,0,0,1,0,0
EC_clinical_isolate_1101,1,0,0,0,1,0,0,0,0,1,1,0,1,1,0,0,1,0,0,1,1,1
EC_clinical_isolate_1102,1,0,1,0,1,0,0,0,0,1,0,0,0,1,0,0,0,1,0,0,1,1
EC_clinical_isolate_1103,1,1,0,1,1,1,0,0,0,0,1,1,0,0,1,1,1,0,0,0,1,1
EC_clinical_isolate_1104,1,0,1,0,0,1,0,0,1,1,1,0,0,0,0,1,1,1,0,1,0,0
EC_clinical_isolate_1105,0,0,0,1,0,1,0,0,1,1,1,0,0,0,1,0,1,0,0,1,1,0
EC_clinical_isolate_1106,0,0,1,0,0,1,0,0,1,1,0,0,0,0,0,0,0,0,0,0,1,0
EC_clinical_isolate_1107,1,0,0,0,1,1,0,0,0,1,1,1,1,0,1,0,1,1,0,0,0,1
EC_clinical_isolate_1108,1,0,0,0,1,0,0,0,0,1,1,0,0,0,1,1,0,0,0,0,0,1
EC_clinical_isolate_1109,0,0,0,0,0,1,0,0,0,0,0,0,1,0,1,1,0,1,0,0,0,0
EC_clinical_isolate_1110,1,1,1,1,1,1,1,0,0,1,1,0,0,1,0,1,0,1,0,1,0,1
EC_clinical_isolate_1111,0,0,1,0,0,1,1,0,0,1,0,0,1,1,1,1,1,0,0,0,1,1
EC_clinical_isolate_1112,0,0,1,0,1,0,1,0,0,0,0,0,0,1,0,1,1,1,0,0,0,1
EC_clinical_isolate_1113,0,1,1,0,1,1,0,0,0,0,1,1,0,0,0,1,1,1,0,0,1,1
EC_clinical_isolate_1114,0,0,0,1,0,1,0,0,0,1,0,1,1,0,0,0,0,0,0,1,0,0
EC_clinical_isolate_1115,0,0,0,0,1,1,0,1,1,0,0,0,1,1,1,0,1,0,0,0,0,1
EC_clinical_isolate_1116,0,0,0,1,0,0,0,0,0,1,0,0,0,0,1,1,1,1,0,0,0,0
EC_clinical_isolate_1117,1,0,0,0,1,1,0,0,0,0,1,0,0,0,0,0,0,0,0,1,1,1
EC_clinical_isolate_1118,0,0,0,0,0,1,0,0,0,0,1,0,0,0,1,1,1,1,0,1,0,0
EC_clinical_isolate_1119,0,1,0,0,1,1,1,1,0,0,0,0,1,0,0,0,0,1,0,0,1,1
EC_clinical_isolate_1120,1,0,0,0,0,1,0,0,0,0,1,0,1,0,1,1,1,0,0,0,0,1
EC_clinical_isolate_1121,1,0,0,0,1,0,1,1,0,1,0,0,0,1,1,0,0,1,1,1,0,1
EC_clinical_isolate_1122,1,0,0,0,1,0,1,1,0,1,1,0,0,1,1,0,1,1,0,1,0,1
EC_clinical_isolate_1123,1,0,0,1,1,0,0,0,1,0,1,0,1,0,0,1,1,1,0,0,1,1
EC_clinical_isolate_1124,0,1,1,1,1,1,1,1,1,0,1,1,0,0,1,1,1,1,0,0,0,1
EC_clinical_isolate_1125,0,0,1,1,1,0,0,0,0,0,1,0,1,1,1,1,0,1,0,0,0,1
EC_clinical_isolate_1126,0,0,1,0,0,1,1,1,0,0,1,1,0,0,1,1,1,0,0,1,0,0
EC_clinical_isolate_1127,0,0,0,0,0,1,0,0,0,1,0,0,1,0,0,1,0,1,0,1,1,0
EC_clinical_isolate_1128,0,0,0,0,0,0,1,0,1,0,1,0,0,1,1,1,1,1,1,1,0,1
EC_clinical_isolate_1129,0,0,1,1,1,1,0,0,0,0,0,0,0,1,1,0,1,1,0,1,0,1
EC_clinical_isolate_1130,1,0,0,1,0,1,1,1,0,0,1,0,0,1,0,0,0,1,0,1,0,1
EC_clinical_isolate_1131,0,0,0,0,1,1,0,0,0,0,0,0,1,0,0,0,0,1,0,1,0,0
EC_clinical_isolate_1132,0,0,0,0,1,1,0,0,0,0,1,1,1,0,0,1,1,1,0,1,1,0
EC_clinical_isolate_1133,0,0,0,0,0,1,1,0,1,0,0,1,1,1,1,0,1,1,1,1,1,0
EC_clinical_isolate_1134,1,0,0,0,0,0,1,0,0,1,0,0,1,0,0,1,0,0,1,0,0,1
EC_clinical_isolate_1135,0,0,0,0,0,1,0,0,0,1,1,0,0,1,0,1,0,1,0,1,1,0
EC_clinical_isolate_1136,1,0,1,0,0,0,0,0,0,1,1,0,0,0,1,1,0,0,1,1,1,0
EC_clinical_isolate_1137,0,0,0,1,0,1,0,0,0,0,1,0,1,1,0,0,1,1,0,1,0,0
EC_clinical_isolate_1138,0,0,0,0,0,0,1,0,1,0,1,0,0,0,0,0,1,0,0,0,1,0
EC_clinical_isolate_1139,0,0,1,0,1,1,1,0,1,0,1,0,0,0,0,1,1,0,1,1,1,1
EC_clinical_isolate_1140,1,0,0,1,1,1,1,0,0,1,0,0,0,0,1,0,1,0,0,1,0,1
EC_clinical_isolate_1141,0,0,0,0,0,1,0,0,0,1,0,0,0,1,1,0,1,1,0,1,1,0
EC_clinical_isolate_1142,1,0,1,0,0,0,0,1,0,0,0,0,0,0,0,0,1,1,0,0,0,1
EC_clinical_isolate_1143,0,1,0,0,0,1,0,0,0,0,0,0,1,0,1,0,0,1,1,1,0,0
EC_clinical_isolate_1144,0,0,0,0,1,1,1,1,0,1,0,0,1,1,0,0,1,0,1,0,1,1
EC_clinical_isolate_1145,1,0,0,0,1,1,0,1,0,1,0,1,1,0,1,1,0,1,0,1,1,1
EC_clinical_isolate_1146,1,0,0,1,0,0,1,0,0,1,0,0,1,0,0,1,0,0,1,1,1,1
EC_clinical_isolate_1147,0,0,0,0,0,1,0,0,0,1,0,1,1,0,0,1,1,0,0,0,0,0
EC_clinical_isolate_1148,1,0,1,0,1,1,0,1,0,1,1,1,0,1,0,0,0,1,0,0,1,1
EC_clinical_isolate_1149,1,0,0,0,1,0,0,0,1,0,0,1,0,0,0,1,1,1,0,1,0,1
EC_clinical_isolate_1150,1,1,0,0,0,1,0,0,0,1,1,1,1,0,0,1,1,0,0,0,0,1
EC_clinical_isolate_1151,1,0,0,1,1,1,0,0,0,1,1,0,0,1,1,0,1,1,0,1,0,0
EC_clinical_isolate_1152,1,1,0,1,0,1,0,0,0,1,1,1,0,0,1,0,0,1,0,1,0,0
EC_clinical_isolate_1153,1,0,0,0,0,0,0,1,0,0,0,0,0,0,0,0,0,0,0,0,0,0
EC_clinical_isolate_1154,0,0,0,1,1,1,1,0,0,0,0,0,0,0,0,1,0,0,1,1,0,1
EC_clinical_isolate_1155,1,1,0,0,1,1,0,0,0,0,0,1,0,1,0,1,1,1,0,0,1,1
EC_clinical_isolate_1156,0,0,0,1,0,1,0,0,1,0,1,1,0,0,0,1,1,0,1,1,1,0
EC_clinical_isolate_1157,1,0,0,0,1,1,0,0,0,1,0,1,0,1,1,0,1,1,1,0,1,1
EC_clinical_isolate_1158,1,0,0,1,0,1,0,0,0,0,1,1,1,1,0,1,1,1,0,1,0,1
EC_clinical_isolate_1159,0,0,1,1,1,1,1,0,0,0,1,1,1,0,1,0,1,1,0,1,1,1
EC_clinical_isolate_1160,1,0,0,0,1,0,0,1,0,1,1,0,1,1,0,0,1,1,0,1,1,1
EC_clinical_isolate_1161,0,0,0,0,1,1,1,0,0,0,1,0,0,0,0,1,1,1,0,0,0,1
EC_clinical_isolate_1162,0,0,0,1,1,1,0,1,0,0,1,0,0,0,0,0,0,0,0,0,1,1
EC_clinical_isolate_1163,1,0,1,1,0,0,0,0,0,0,1,1,1,0,0,1,1,1,0,1,0,1
EC_clinical_isolate_1164,0,0,0,0,1,0,0,0,0,1,0,1,0,1,0,1,1,1,0,1,0,1
EC_clinical_isolate_1165,1,0,1,0,1,1,0,0,0,0,1,1,1,0,1,1,0,0,0,0,0,1
EC_clinical_isolate_1166,1,0,1,0,1,1,0,0,0,1,1,0,1,0,0,0,0,1,0,0,1,1
EC_clinical_isolate_1167,0,0,1,0,0,1,1,0,0,0,1,0,1,0,0,1,0,0,0,0,1,0
EC_clinical_isolate_1168,0,0,0,0,1,1,0,0,0,1,0,0,1,0,1,1,1,0,0,1,0,1
EC_clinical_isolate_1169,0,0,0,0,1,0,0,0,1,0,1,1,0,0,0,1,0,1,1,0,0,0
EC_clinical_isolate_1170,0,1,1,1,0,1,0,1,1,0,0,0,0,0,1,1,1,1,0,0,1,0
EC_clinical_isolate_1171,1,0,1,0,1,1,0,0,0,0,0,0,1,0,0,1,1,1,1,0,1,1
EC_clinical_isolate_1172,0,0,1,1,0,1,0,0,1,0,0,0,0,0,0,1,1,0,0,1,0,0
EC_clinical_isolate_1173,0,0,0,0,0,0,0,0,0,0,0,1,0,0,1,0,0,1,0,0,0,0
EC_clinical_isolate_1174,0,0,0,0,1,1,0,0,1,0,1,1,0,0,1,1,0,0,0,1,1,1
EC_clinical_isolate_1175,0,0,0,0,1,0,0,0,0,0,1,1,0,1,0,1,0,1,0,0,0,0
EC_clinical_isolate_1176,1,0,1,0,1,1,0,0,0,1,0,0,0,1,0,1,0,1,1,1,0,0
EC_clinical_isolate_1177,0,0,0,0,0,1,1,1,0,0,1,0,0,0,1,1,1,1,1,1,0,1
EC_clinical_isolate_1178,1,0,0,0,1,1,0,1,0,0,1,0,1,0,0,0,0,1,0,0,1,1
EC_clinical_isolate_1179,0,0,1,0,0,0,0,0,0,1,1,0,1,1,0,1,1,1,0,0,1,0
EC_clinical_isolate_1180,1,1,0,0,0,1,1,0,0,1,1,1,1,1,1,1,0,1,0,1,0,1
EC_clinical_isolate_1181,0,1,1,0,0,1,0,0,0,0,0,0,1,0,1,0,1,1,0,1,0,0
EC_clinical_isolate_1182,0,0,0,0,1,1,0,1,1,0,0,0,0,0,1,0,1,1,0,1,0,0
EC_clinical_isolate_1183,1,0,0,1,1,1,0,0,0,1,1,0,0,0,1,1,1,1,0,0,0,1
EC_clinical_isolate_1184,0,0,0,1,1,1,0,0,1,0,1,0,0,0,1,0,1,1,0,1,0,0
EC_clinical_isolate_1185,1,0,1,0,1,1,0,1,0,1,1,1,1,0,1,0,0,1,0,1,0,1
EC_clinical_isolate_1186,1,0,0,0,0,1,1,0,0,0,1,0,1,1,1,0,1,0,1,1,0,0
EC_clinical_isolate_1187,0,0,0,0,1,1,0,0,0,1,1,1,0,0,0,1,1,0,0,1,0,1
EC_clinical_isolate_1188,0,0,1,1,1,0,1,0,0,0,0,0,0,1,0,0,1,1,0,1,1,1
EC_clinical_isolate_1189,1,0,0,0,1,1,0,0,0,1,0,0,1,1,1,1,1,1,0,0,0,1
EC_clinical_isolate_1190,0,0,0,0,0,1,0,0,1,0,0,0,1,1,1,1,1,1,0,0,0,0
EC_clinical_isolate_1191,0,0,0,0,1,0,0,0,0,1,1,0,1,1,0,1,1,0,0,1,0,0
EC_clinical_isolate_1192,0,0,0,0,1,1,1,0,0,0,1,1,0,1,0,1,1,1,0,1,0,1
EC_clinical_isolate_1193,0,1,0,0,1,1,1,0,1,0,1,0,0,0,1,1,1,1,0,0,0,1
EC_clinical_isolate_1194,0,0,0,1,1,1,0,1,0,1,1,0,1,1,1,1,0,1,0,1,0,1
EC_clinical_isolate_1195,1,0,0,0,0,1,1,0,1,0,1,0,1,1,0,0,1,0,0,1,0,0
EC_clinical_isolate_1196,1,0,0,0,1,0,0,0,1,1,1,0,1,0,1,1,1,1,0,0,0,1
EC_clinical_isolate_1197,1,0,1,0,0,1,0,0,0,0,1,1,1,1,1,1,1,1,0,0,1,1
EC_clinical_isolate_1198,1,0,0,0,1,0,0,1,0,1,0,0,1,1,1,0,1,0,0,1,0,1
EC_clinical_isolate_1199,0,0,0,1,1,1,0,1,0,0,1,0,1,1,1,1,0,0,0,0,0,1
EC_clinical_isolate_1200,1,0,0,0,0,0,0,0,1,1,1,1,0,0,0,0,1,0,0,0,1,0
