feature,n_isolates_present,prevalence_percent,n_isolates_absent
glpT_E448K,661,91.68,60
pmrB_E123D,440,61.03,281
gyrA_S83L,323,44.8,398
uhpT_E350Q,313,43.41,408
blaTEM-1,297,41.19,424
sul1,283,39.25,438
qacEdelta1,280,38.83,441
parC_S80I,256,35.51,465
gyrA_D87N,247,34.26,474
mph(A),240,33.29,481
tet(A),237,32.87,484
ptsI_V25I,231,32.04,490
parE_I529L,229,31.76,492
sul2,218,30.24,503
aph(6)-Id,191,26.49,530
aph(3'')-Ib,191,26.49,530
dfrA17,179,24.83,542
parC_E84V,174,24.13,547
blaCTX-M-15,168,23.3,553
aadA5,168,23.3,553
blaOXA-48,133,18.45,588
cyaA_S352T,117,16.23,604
blaOXA-1,115,15.95,606
aac(6')-Ib-cr5,107,14.84,614
catB3,105,14.56,616
aac(3)-IId,96,13.31,625
marR_S3N,95,13.18,626
pmrB_Y358N,81,11.23,640
aadA1,80,11.1,641
tet(B),74,10.26,647
aac(3)-IIe,73,10.12,648
aadA2,73,10.12,648
dfrA12,54,7.49,667
dfrA1,41,5.69,680
parE_S458A,40,5.55,681
dfrA14,36,4.99,685
catA1,34,4.72,687
ampC_T-32A,26,3.61,695
sat2,26,3.61,695
ant(2'')-Ia,26,3.61,695
blaCTX-M-27,25,3.47,696
blaTEM,23,3.19,698
parE_L416F,23,3.19,698
qnrS1,23,3.19,698
floR,22,3.05,699
parE_I355T,20,2.77,701
aph(3')-Ia,18,2.5,703
parC_S57T,18,2.5,703
qacE,17,2.36,704
ble,15,2.08,706
parE_D475E,13,1.8,708
blaCTX-M-9,11,1.53,710
blaNDM-5,11,1.53,710
erm(B),10,1.39,711
sul3,10,1.39,711
blaCTX-M-14,9,1.25,712
blaOXA,9,1.25,712
ftsI_N337NYRIN,9,1.25,712
dfrA5,9,1.25,712
dfrA36,8,1.11,713
blaCMY-2,8,1.11,713
qacL,8,1.11,713
dfrA7,8,1.11,713
tet(D),8,1.11,713
oqxA,7,0.97,714
blaCTX-M,7,0.97,714
ampC_C-42T,7,0.97,714
cmlA1,7,0.97,714
oqxB,7,0.97,714
blaSHV-12,7,0.97,714
blaOXA-244,7,0.97,714
fosA,6,0.83,715
lnu(F),6,0.83,715
qnrA1,5,0.69,716
gyrA_D87G,5,0.69,716
gyrA_D87Y,5,0.69,716
parE_S458T,5,0.69,716
parC_E84G,5,0.69,716
cmlA6,5,0.69,716
blaSHV-1,5,0.69,716
qnrB19,5,0.69,716
blaOXA-2,4,0.55,717
blaDHA-1,4,0.55,717
blaTEM-40,4,0.55,717
qnrB4,4,0.55,717
gyrA_S83A,4,0.55,717
blaCMY-42,4,0.55,717
acrR_R45C,4,0.55,717
ftsI_I336IKYRI,4,0.55,717
qacF,3,0.42,718
soxS_A12S,3,0.42,718
dfrA19,3,0.42,718
aadA22,3,0.42,718
dfrA16,3,0.42,718
parC_E84K,3,0.42,718
blaKPC-2,3,0.42,718
blaACT-17,3,0.42,718
blaCTX-M-1,3,0.42,718
soxR_G121D,3,0.42,718
parC_S80R,2,0.28,719
parC_A108T,2,0.28,719
dfrA8,2,0.28,719
parE_L445H,2,0.28,719
mph(B),2,0.28,719
aac(6')-Il,2,0.28,719
blaOXA-181,2,0.28,719
blaNDM-1,2,0.28,719
tet(M),2,0.28,719
parC_A56T,2,0.28,719
blaVIM-4,2,0.28,719
rpoB_V146F,2,0.28,719
blaTEM-135,2,0.28,719
ampC_C-11T,2,0.28,719
aac(6')-Ib3,2,0.28,719
blaLAP-2,2,0.28,719
blaIMP-1,2,0.28,719
aac(6')-Ib4,2,0.28,719
blaCTX-M-55,2,0.28,719
ampC_T-14TGT,2,0.28,719
rmtB1,2,0.28,719
nfsA_G131D,1,0.14,720
blaCMY,1,0.14,720
gyrA_S83I,1,0.14,720
pmrB_V161G,1,0.14,720
aac(6')-If,1,0.14,720
blaTEM-29,1,0.14,720
blaCTX-M-3,1,0.14,720
nfsA_S33R,1,0.14,720
fosA3,1,0.14,720
aadA3,1,0.14,720
blaTEM-31,1,0.14,720
blaCTX-M-8,1,0.14,720
marR_V45E,1,0.14,720
qnrS2,1,0.14,720
qnrS13,1,0.14,720
blaCTX-M-65,1,0.14,720
blaTEM-30,1,0.14,720
blaSHV,1,0.14,720
rpoB_Q148L,1,0.14,720
nfsA_Q44STOP,1,0.14,720
rpoB_S531F,1,0.14,720
blaACT-15,1,0.14,720
aph(4)-Ia,1,0.14,720
aac(3)-IVa,1,0.14,720
blaACT,1,0.14,720
blaCARB-2,1,0.14,720
qnrB,1,0.14,720
blaNDM,1,0.14,720
blaMIR-3,1,0.14,720
arr-3,1,0.14,720
qnrB1,1,0.14,720
parE_E460K,1,0.14,720
ere(A),1,0.14,720
arr,1,0.14,720
aac(6')-IIc,1,0.14,720
aac(3)-IIg,1,0.14,720
marR_E31STOP,1,0.14,720
catA2,1,0.14,720
blaCMY-145,1,0.14,720
qepA8,1,0.14,720
rmtB,1,0.14,720
blaOXA-10,1,0.14,720
blaACT-16,1,0.14,720
catA,1,0.14,720
tet(J),1,0.14,720
aph(3')-VI,1,0.14,720
nfsA_K141STOP,1,0.14,720
nfsA_R203C,1,0.14,720
blaOXA-519,1,0.14,720
blaOXA-484,1,0.14,720
gyrA_S83V,1,0.14,720
smr,1,0.14,720
blaVIM-1,1,0.14,720
blaVIM,1,0.14,720
blaTEM-33,1,0.14,720
basR_S39I,1,0.14,720
dfrA29,1,0.14,720
folP_P64S,1,0.14,720
aac(6')-Ib-cr,1,0.14,720
blaTEM-176,1,0.14,720
aph(3')-IIa,1,0.14,720
blaTEM-35,1,0.14,720
