feature,importance,n_present_total,prevalence_total_percent,prevalence_resistant_percent,prevalence_susceptible_percent,odds_ratio,p_value,fdr_p_value,significant_fdr_0.05,rf_rank,fdr_rank,evidence_category
parC_S80I,0.1947863410712065,256,35.51,89.45,2.24,369.848275862069,6.79274254707784e-144,1.2362791435681666e-141,True,1,1,High ML importance + significant association
gyrA_D87N,0.1565059277245561,247,34.26,86.91,1.79,363.4791666666667,1.0373351260424252e-138,9.439749646986067e-137,True,2,2,High ML importance + significant association
gyrA_S83L,0.1274808026692886,323,44.8,95.27,13.68,127.20050441361916,1.0236415047069896e-116,6.210091795222402e-115,True,3,3,High ML importance + significant association
parC_E84V,0.0682663970773175,174,24.13,61.09,1.35,115.14018691588784,9.203685156171256e-81,4.187676746057921e-79,True,4,4,High ML importance + significant association
ptsI_V25I,0.032593796874324,231,32.04,64.36,12.11,13.11111111111111,9.657998990157409e-49,2.9295930270144147e-47,True,5,5,High ML importance + significant association
parE_I529L,0.0311257276260281,229,31.76,64.0,11.88,13.18238993710692,8.784676891783651e-49,2.9295930270144147e-47,True,6,5,High ML importance + significant association
uhpT_E350Q,0.0262840135732292,313,43.41,74.55,24.22,9.165343915343914,7.776729575472643e-41,1.7692059784200258e-39,True,7,8,High ML importance + significant association
parE_S458A,0.0214545628069064,40,5.55,14.18,0.22,73.53813559322033,2.1052793764017202e-16,2.016636034237437e-15,True,8,19,High ML importance + significant association
mph(A),0.0198570358689226,240,33.29,60.0,16.82,7.42,9.585502413426454e-33,1.4538011993696788e-31,True,9,12,High ML importance + significant association
tet(A),0.0183440522558601,237,32.87,59.27,16.59,7.316119691119691,4.2420480505880686e-32,5.938867270823297e-31,True,10,13,High ML importance + significant association
blaCTX-M-15,0.0164947026284691,168,23.3,48.0,8.07,10.512820512820513,1.8006784876137672e-34,2.9793044067791417e-33,True,11,11,High ML importance + significant association
catB3,0.0148739331466909,105,14.56,36.0,1.35,41.25,1.526014245310782e-39,3.085939918295137e-38,True,12,9,High ML importance + significant association
aac(6')-Ib-cr5,0.014766020916299,107,14.84,37.09,1.12,52.00231213872832,3.217369767233441e-42,8.365161394806946e-41,True,13,7,High ML importance + significant association
qacEdelta1,0.0141338892892119,280,38.83,62.91,23.99,5.373556899395272,2.289660417534607e-25,2.976558542794989e-24,True,14,14,High ML importance + significant association
aac(3)-IId,0.0120968329044164,96,13.31,20.73,8.74,2.728652081863091,8.15639601234287e-06,5.937856296985609e-05,True,15,25,High ML importance + significant association
blaOXA-1,0.0120578106894443,115,15.95,37.45,2.69,21.657945736434108,5.317794675955641e-36,9.678386310239267e-35,True,16,10,High ML importance + significant association
sul1,0.0110522125354788,283,39.25,62.91,24.66,5.180748663101604,1.7483414938498402e-24,2.1213210125378057e-23,True,17,15,High ML importance + significant association
aadA5,0.0102112724650499,168,23.3,44.0,10.54,6.670212765957447,2.340052752285081e-24,2.66181000572428e-23,True,18,16,High ML importance + significant association
dfrA17,0.0096449787757726,179,24.83,45.82,11.88,6.270482461694314,5.1810722665107866e-24,5.546795014735077e-23,True,19,17,High ML importance + significant association
blaTEM-1,0.008945919743456,297,41.19,39.64,42.15,0.901115098692643,0.5335290766913935,0.7894495281124684,False,20,123,High ML importance + not FDR significant
pmrB_E123D,0.0084994619496668,440,61.03,73.82,53.14,2.486345522737928,3.2040184322525444e-08,2.65059706668165e-07,True,21,22,FDR significant + lower ML importance
parE_L416F,0.0076155750268706,23,3.19,8.0,0.22,38.69565217391305,5.416926807764743e-09,4.6946699000627774e-08,True,22,21,FDR significant + lower ML importance
blaOXA-48,0.0076088765328984,133,18.45,7.64,25.11,0.2465551181102362,9.275093484463803e-10,8.440335070862062e-09,True,23,20,FDR significant + lower ML importance
aac(3)-IIe,0.0072292423460988,73,10.12,24.0,1.57,19.804511278195488,1.1758745046869806e-22,1.1889397769612805e-21,True,24,18,FDR significant + lower ML importance
sul2,0.0069912013354598,218,30.24,41.82,23.09,2.393507281553398,1.916504175635633e-07,1.5165380868073269e-06,True,25,23,FDR significant + lower ML importance
aph(3'')-Ib,0.0067925371301204,191,26.49,36.0,20.63,2.1644021739130435,8.486952663169349e-06,5.940866864218545e-05,True,26,26,FDR significant + lower ML importance
ampC_C-11T,0.0060943855839595,2,0.28,0.36,0.22,1.624087591240876,1.0,1.0,False,27,133,Lower ML importance + not FDR significant
cyaA_S352T,0.0059591077156485,117,16.23,12.0,18.83,0.5876623376623377,0.0167026699580229,0.0759971483090043,False,28,40,Lower ML importance + not FDR significant
aph(6)-Id,0.0058078263484097,191,26.49,35.27,21.08,2.040640688501076,4.117800629360119e-05,0.0002584274877736,True,29,29,FDR significant + lower ML importance
marR_S3N,0.0052476576272421,95,13.18,8.73,15.92,0.5050221648616801,0.0062935708091761,0.0318174968686127,True,30,36,FDR significant + lower ML importance
glpT_E448K,0.0048697147710982,661,91.68,88.73,93.5,0.5473814496789665,0.0267669477085065,0.1107178291579132,False,31,44,Lower ML importance + not FDR significant
pmrB_Y358N,0.004238368849488,81,11.23,8.73,12.78,0.6525477039211575,0.1141494931842322,0.3709858528487549,False,32,56,Lower ML importance + not FDR significant
aadA22,0.0041760877965985,3,0.42,0.73,0.22,3.26007326007326,0.5613156243228349,0.8107892351329837,False,33,124,Lower ML importance + not FDR significant
dfrA14,0.004017510892631,36,4.99,5.82,4.48,1.3158301158301158,0.4822162334368737,0.7565806421164744,False,34,116,Lower ML importance + not FDR significant
tet(B),0.0037177020568385,74,10.26,7.27,12.11,0.5693536673928831,0.0429820648730156,0.1629736626435177,False,35,48,Lower ML importance + not FDR significant
dfrA1,0.0035027654366995,41,5.69,3.27,7.17,0.437734962406015,0.0309921988713394,0.1253462265463063,False,36,45,Lower ML importance + not FDR significant
parC_E84K,0.0034787441709875,3,0.42,1.09,0.0,,0.0551123909061038,0.1966755910766843,False,37,51,Lower ML importance + not FDR significant
qnrB,0.0032929809625167,1,0.14,0.36,0.0,,0.3814147018030512,0.6197988904299583,False,38,74,Lower ML importance + not FDR significant
rpoB_Q148L,0.0031561798352197,1,0.14,0.36,0.0,,0.3814147018030512,0.6197988904299583,False,39,74,Lower ML importance + not FDR significant
qnrS1,0.0030514983535579,23,3.19,3.64,2.91,1.2568940493468794,0.6641299258212174,0.936989507747764,False,40,128,Lower ML importance + not FDR significant
dfrA12,0.0030421336770058,54,7.49,11.64,4.93,2.537972315750093,0.0012312476975492,0.0067905176046654,True,41,33,FDR significant + lower ML importance
catA1,0.0027694943051082,34,4.72,4.73,4.71,1.0041802980734278,1.0,1.0,False,42,133,Lower ML importance + not FDR significant
aadA2,0.0026645777416124,73,10.12,13.45,8.07,1.7705415499533146,0.0223191771823077,0.0944672150506979,False,43,43,Lower ML importance + not FDR significant
aadA1,0.0026258037775752,80,11.1,8.0,13.0,0.5817091454272864,0.0385387098332328,0.1492350040350719,False,44,47,Lower ML importance + not FDR significant
blaCTX-M-27,0.0025871772429071,25,3.47,7.27,1.12,6.91764705882353,2.1962944875428927e-05,0.0001427591416902,True,45,27,FDR significant + lower ML importance
blaLAP-2,0.0025106626028914,2,0.28,0.73,0.0,,0.1451494837417167,0.3942866573282454,False,46,58,Lower ML importance + not FDR significant
gyrA_D87Y,0.0024292685054221,5,0.69,1.09,0.45,2.448529411764706,0.3750950842470906,0.6197988904299583,False,47,74,Lower ML importance + not FDR significant
parE_I355T,0.0022788208233621,20,2.77,1.09,3.81,0.2783304498269896,0.0348311366744738,0.137810149451179,False,48,46,Lower ML importance + not FDR significant
ampC_C-42T,0.0021755548105144,7,0.97,0.36,1.35,0.267639902676399,0.2613001956116697,0.6197988904299583,False,49,74,Lower ML importance + not FDR significant
ampC_T-14TGT,0.0019747123408338,2,0.28,0.36,0.22,1.624087591240876,1.0,1.0,False,50,133,Lower ML importance + not FDR significant
blaTEM,0.0019566983115283,23,3.19,3.64,2.91,1.2568940493468794,0.6641299258212174,0.936989507747764,False,51,128,Lower ML importance + not FDR significant
ble,0.0019241844257131,15,2.08,4.73,0.45,11.01526717557252,0.000136819876916,0.0008300405866237,True,52,30,FDR significant + lower ML importance
parE_L445H,0.0019225117844139,2,0.28,0.36,0.22,1.624087591240876,1.0,1.0,False,53,133,Lower ML importance + not FDR significant
floR,0.0019158788685287,22,3.05,4.36,2.24,1.9893536121673003,0.1214001510452428,0.3876285524602491,False,54,57,Lower ML importance + not FDR significant
lnu(F),0.0017480687552012,6,0.83,1.09,0.67,1.6286764705882353,0.6792971584318095,0.9510160218045332,False,55,130,Lower ML importance + not FDR significant
soxR_G121D,0.0016817899100823,3,0.42,0.73,0.22,3.26007326007326,0.5613156243228349,0.8107892351329837,False,56,124,Lower ML importance + not FDR significant
tet(M),0.0015660558500486,2,0.28,0.36,0.22,1.624087591240876,1.0,1.0,False,57,133,Lower ML importance + not FDR significant
blaCTX-M-14,0.0014665995943303,9,1.25,1.09,1.35,0.8088235294117647,1.0,1.0,False,58,133,Lower ML importance + not FDR significant
dfrA36,0.0014552811529665,8,1.11,2.91,0.0,,0.0004202206686426,0.002390005052905,True,59,32,FDR significant + lower ML importance
ampC_T-32A,0.001360198587794,26,3.61,0.0,5.83,0.0,3.81325558484271e-06,2.8917188185057216e-05,True,60,24,FDR significant + lower ML importance
sat2,0.0013530033778178,26,3.61,1.82,4.71,0.3747795414462081,0.0620557371699581,0.2171950800948534,False,61,52,Lower ML importance + not FDR significant
blaNDM-5,0.001301422650568,11,1.53,4.0,0.0,,2.1911749643909726e-05,0.0001427591416902,True,62,27,FDR significant + lower ML importance
qnrB1,0.0012709525575627,1,0.14,0.36,0.0,,0.3814147018030512,0.6197988904299583,False,63,74,Lower ML importance + not FDR significant
blaSHV-12,0.0012247294438267,7,0.97,1.45,0.67,2.179581795817958,0.4367291909911418,0.6972343224595422,False,64,114,Lower ML importance + not FDR significant
aadA3,0.0011663888943647,1,0.14,0.36,0.0,,0.3814147018030512,0.6197988904299583,False,65,74,Lower ML importance + not FDR significant
parC_E84G,0.0011653728335409,5,0.69,1.45,0.22,6.568265682656826,0.0728263003665013,0.2454516049389488,False,66,53,Lower ML importance + not FDR significant
qnrS13,0.0011646058258745,1,0.14,0.36,0.0,,0.3814147018030512,0.6197988904299583,False,67,74,Lower ML importance + not FDR significant
sul3,0.0011566382739401,10,1.39,1.82,1.12,1.6333333333333333,0.5174548027824828,0.7868808248006083,False,68,117,Lower ML importance + not FDR significant
dfrA5,0.0011082137632738,9,1.25,0.36,1.79,0.1998175182481751,0.1642474952860824,0.4151811686398196,False,69,68,Lower ML importance + not FDR significant
blaCTX-M-9,0.001045975418342,11,1.53,0.0,2.47,0.0,0.0086591862040967,0.0414729444512003,True,70,38,FDR significant + lower ML importance
aph(3')-Ia,0.0009095923653772,18,2.5,1.45,3.14,0.4554559831312599,0.2198373371213731,0.5480876076176701,False,71,73,Lower ML importance + not FDR significant
parE_S458T,0.0008560262851639,5,0.69,1.82,0.0,,0.0078912144739391,0.0388162441691061,True,72,37,FDR significant + lower ML importance
ant(2'')-Ia,0.0008463739812961,26,3.61,4.36,3.14,1.407930472569256,0.4152141651223336,0.6687520181616347,False,73,113,Lower ML importance + not FDR significant
qacL,0.0007349753592718,8,1.11,1.09,1.12,0.9727941176470588,1.0,1.0,False,74,133,Lower ML importance + not FDR significant
gyrA_S83A,0.0006989252721057,4,0.55,0.0,0.9,0.0,0.303481631933192,0.6197988904299583,False,75,74,Lower ML importance + not FDR significant
parE_D475E,0.0006717403095205,13,1.8,0.0,2.91,0.0,0.0025580916772887,0.0133020767219014,True,76,34,FDR significant + lower ML importance
dfrA7,0.0005871854280618,8,1.11,1.09,1.12,0.9727941176470588,1.0,1.0,False,77,133,Lower ML importance + not FDR significant
parC_S80R,0.0005639705077686,2,0.28,0.36,0.22,1.624087591240876,1.0,1.0,False,78,133,Lower ML importance + not FDR significant
erm(B),0.0005451479000637,10,1.39,1.82,1.12,1.6333333333333333,0.5174548027824828,0.7868808248006083,False,79,117,Lower ML importance + not FDR significant
cmlA1,0.0005437626499131,7,0.97,1.09,0.9,1.21875,1.0,1.0,False,80,133,Lower ML importance + not FDR significant
basR_S39I,0.0005435580122752,1,0.14,0.0,0.22,0.0,1.0,1.0,False,81,133,Lower ML importance + not FDR significant
blaCMY-2,0.0005393589699558,8,1.11,1.09,1.12,0.9727941176470588,1.0,1.0,False,82,133,Lower ML importance + not FDR significant
parC_A56T,0.0005232904178449,2,0.28,0.73,0.0,,0.1451494837417167,0.3942866573282454,False,83,58,Lower ML importance + not FDR significant
blaCMY-42,0.0004875757487681,4,0.55,1.45,0.0,,0.0208782316524516,0.0904723371606236,False,84,41,Lower ML importance + not FDR significant
ftsI_N337NYRIN,0.0004633876888956,9,1.25,3.27,0.0,,0.0001573617370653,0.0009238656821255,True,85,31,FDR significant + lower ML importance
acrR_R45C,0.0004626414086231,4,0.55,0.0,0.9,0.0,0.303481631933192,0.6197988904299583,False,86,74,Lower ML importance + not FDR significant
ftsI_I336IKYRI,0.0004328046093981,4,0.55,1.45,0.0,,0.0208782316524516,0.0904723371606236,False,87,41,Lower ML importance + not FDR significant
blaCTX-M,0.000387094820008,7,0.97,2.18,0.22,9.925650557620818,0.0141129023633716,0.0658602110290677,False,88,39,Lower ML importance + not FDR significant
qacE,0.0003836384161904,17,2.36,1.82,2.69,0.6697530864197531,0.615014568416374,0.8813594602502368,False,89,127,Lower ML importance + not FDR significant
gyrA_D87G,0.0003665334792677,5,0.69,0.0,1.12,0.0,0.1626236634956924,0.4151811686398196,False,90,68,Lower ML importance + not FDR significant
oqxB,0.0003613551193887,7,0.97,0.0,1.57,0.0,0.048148688474221,0.1752612260461647,False,91,49,Lower ML importance + not FDR significant
parC_S57T,0.0003590462308412,18,2.5,1.82,2.91,0.6168091168091168,0.4644431342326734,0.7350317428725788,False,92,115,Lower ML importance + not FDR significant
blaIMP-1,0.0003481663374361,2,0.28,0.73,0.0,,0.1451494837417167,0.3942866573282454,False,93,58,Lower ML importance + not FDR significant
blaOXA,0.0003158543570809,9,1.25,2.91,0.22,13.333333333333334,0.0025230921212611,0.0133020767219014,True,94,34,FDR significant + lower ML importance
parE_E460K,0.000307754466839,1,0.14,0.36,0.0,,0.3814147018030512,0.6197988904299583,False,95,74,Lower ML importance + not FDR significant
blaOXA-181,0.0002823094235266,2,0.28,0.73,0.0,,0.1451494837417167,0.3942866573282454,False,96,58,Lower ML importance + not FDR significant
blaTEM-30,0.0002766133881563,1,0.14,0.0,0.22,0.0,1.0,1.0,False,97,133,Lower ML importance + not FDR significant
qnrB19,0.0002694656389806,5,0.69,0.0,1.12,0.0,0.1626236634956924,0.4151811686398196,False,98,68,Lower ML importance + not FDR significant
oqxA,0.0002621618044779,7,0.97,0.0,1.57,0.0,0.048148688474221,0.1752612260461647,False,99,49,Lower ML importance + not FDR significant
fosA,0.0002576308398989,6,0.83,0.0,1.35,0.0,0.0877767527656397,0.2904612546062989,False,100,55,Lower ML importance + not FDR significant
dfrA19,0.0002522332170663,3,0.42,0.36,0.45,0.8102189781021898,1.0,1.0,False,101,133,Lower ML importance + not FDR significant
cmlA6,0.0002474907058533,5,0.69,1.45,0.22,6.568265682656826,0.0728263003665013,0.2454516049389488,False,102,53,Lower ML importance + not FDR significant
blaOXA-244,0.0002410867174918,7,0.97,0.73,1.12,0.6461538461538462,0.7142829229665211,0.9885964766169056,False,103,131,Lower ML importance + not FDR significant
aac(6')-Ib4,0.000231278944391,2,0.28,0.73,0.0,,0.1451494837417167,0.3942866573282454,False,104,58,Lower ML importance + not FDR significant
mph(B),0.0002156694644771,2,0.28,0.36,0.22,1.624087591240876,1.0,1.0,False,105,133,Lower ML importance + not FDR significant
blaCTX-M-1,0.0002041330316366,3,0.42,0.0,0.67,0.0,0.2912043458159962,0.6197988904299583,False,106,74,Lower ML importance + not FDR significant
blaCTX-M-3,0.0002041039534266,1,0.14,0.0,0.22,0.0,1.0,1.0,False,107,133,Lower ML importance + not FDR significant
blaOXA-2,0.0002022780278549,4,0.55,0.0,0.9,0.0,0.303481631933192,0.6197988904299583,False,108,74,Lower ML importance + not FDR significant
catA,0.000197826459828,1,0.14,0.36,0.0,,0.3814147018030512,0.6197988904299583,False,109,74,Lower ML importance + not FDR significant
tet(J),0.0001851655756456,1,0.14,0.36,0.0,,0.3814147018030512,0.6197988904299583,False,110,74,Lower ML importance + not FDR significant
blaNDM-1,0.000174818932972,2,0.28,0.36,0.22,1.624087591240876,1.0,1.0,False,111,133,Lower ML importance + not FDR significant
arr,0.0001693381084757,1,0.14,0.0,0.22,0.0,1.0,1.0,False,112,133,Lower ML importance + not FDR significant
tet(D),0.0001501519890835,8,1.11,0.73,1.35,0.5372405372405372,0.7170040379858875,0.9885964766169056,False,113,131,Lower ML importance + not FDR significant
catA2,0.0001442478983843,1,0.14,0.0,0.22,0.0,1.0,1.0,False,114,133,Lower ML importance + not FDR significant
blaDHA-1,0.0001404026006563,4,0.55,0.36,0.67,0.5389294403892944,1.0,1.0,False,115,133,Lower ML importance + not FDR significant
aph(4)-Ia,0.000123243937472,1,0.14,0.36,0.0,,0.3814147018030512,0.6197988904299583,False,116,74,Lower ML importance + not FDR significant
blaCTX-M-55,0.0001128344464598,2,0.28,0.73,0.0,,0.1451494837417167,0.3942866573282454,False,117,58,Lower ML importance + not FDR significant
blaKPC-2,0.0001061633999352,3,0.42,0.36,0.45,0.8102189781021898,1.0,1.0,False,118,133,Lower ML importance + not FDR significant
qnrA1,0.0001001164081608,5,0.69,0.0,1.12,0.0,0.1626236634956924,0.4151811686398196,False,119,68,Lower ML importance + not FDR significant
aac(3)-IVa,9.797108253025872e-05,1,0.14,0.36,0.0,,0.3814147018030512,0.6197988904299583,False,120,74,Lower ML importance + not FDR significant
blaTEM-40,9.570547356932487e-05,4,0.55,0.0,0.9,0.0,0.303481631933192,0.6197988904299583,False,121,74,Lower ML importance + not FDR significant
ere(A),9.129338626746956e-05,1,0.14,0.0,0.22,0.0,1.0,1.0,False,122,133,Lower ML importance + not FDR significant
dfrA8,8.517959126035733e-05,2,0.28,0.0,0.45,0.0,0.5274695638773308,0.7868808248006083,False,123,117,Lower ML importance + not FDR significant
aac(6')-IIc,8.428299643818224e-05,1,0.14,0.0,0.22,0.0,1.0,1.0,False,124,133,Lower ML importance + not FDR significant
soxS_A12S,8.304220894258195e-05,3,0.42,0.73,0.22,3.26007326007326,0.5613156243228349,0.8107892351329837,False,125,124,Lower ML importance + not FDR significant
blaTEM-31,8.136882837247001e-05,1,0.14,0.0,0.22,0.0,1.0,1.0,False,126,133,Lower ML importance + not FDR significant
aph(3')-IIa,7.555273002202014e-05,1,0.14,0.36,0.0,,0.3814147018030512,0.6197988904299583,False,127,74,Lower ML importance + not FDR significant
pmrB_V161G,7.392147615664027e-05,1,0.14,0.36,0.0,,0.3814147018030512,0.6197988904299583,False,128,74,Lower ML importance + not FDR significant
rmtB1,7.224349354514049e-05,2,0.28,0.73,0.0,,0.1451494837417167,0.3942866573282454,False,129,58,Lower ML importance + not FDR significant
dfrA29,7.067848693778616e-05,1,0.14,0.0,0.22,0.0,1.0,1.0,False,130,133,Lower ML importance + not FDR significant
blaSHV-1,5.7065619261630266e-05,5,0.69,0.0,1.12,0.0,0.1626236634956924,0.4151811686398196,False,131,68,Lower ML importance + not FDR significant
qnrB4,5.35752255149368e-05,4,0.55,0.36,0.67,0.5389294403892944,1.0,1.0,False,132,133,Lower ML importance + not FDR significant
blaTEM-135,5.322336907291016e-05,2,0.28,0.0,0.45,0.0,0.5274695638773308,0.7868808248006083,False,133,117,Lower ML importance + not FDR significant
nfsA_G131D,4.96974312627238e-05,1,0.14,0.36,0.0,,0.3814147018030512,0.6197988904299583,False,134,74,Lower ML importance + not FDR significant
qacF,4.907241415504773e-05,3,0.42,0.0,0.67,0.0,0.2912043458159962,0.6197988904299583,False,135,74,Lower ML importance + not FDR significant
blaVIM-4,4.608652268334794e-05,2,0.28,0.0,0.45,0.0,0.5274695638773308,0.7868808248006083,False,136,117,Lower ML importance + not FDR significant
blaCTX-M-8,4.119915188658631e-05,1,0.14,0.0,0.22,0.0,1.0,1.0,False,137,133,Lower ML importance + not FDR significant
aac(3)-IIg,3.962515728454501e-05,1,0.14,0.0,0.22,0.0,1.0,1.0,False,138,133,Lower ML importance + not FDR significant
marR_E31STOP,3.527236755748139e-05,1,0.14,0.36,0.0,,0.3814147018030512,0.6197988904299583,False,139,74,Lower ML importance + not FDR significant
aac(6')-Ib3,3.4207802947279866e-05,2,0.28,0.0,0.45,0.0,0.5274695638773308,0.7868808248006083,False,140,117,Lower ML importance + not FDR significant
blaTEM-33,3.128517039632966e-05,1,0.14,0.0,0.22,0.0,1.0,1.0,False,141,133,Lower ML importance + not FDR significant
rpoB_V146F,3.0785520952863995e-05,2,0.28,0.73,0.0,,0.1451494837417167,0.3942866573282454,False,142,58,Lower ML importance + not FDR significant
dfrA16,2.9458967482310877e-05,3,0.42,0.0,0.67,0.0,0.2912043458159962,0.6197988904299583,False,143,74,Lower ML importance + not FDR significant
arr-3,2.8551935560440884e-05,1,0.14,0.36,0.0,,0.3814147018030512,0.6197988904299583,False,144,74,Lower ML importance + not FDR significant
blaTEM-176,2.5190253245851052e-05,1,0.14,0.0,0.22,0.0,1.0,1.0,False,145,133,Lower ML importance + not FDR significant
gyrA_S83I,2.157447366322749e-05,1,0.14,0.0,0.22,0.0,1.0,1.0,False,146,133,Lower ML importance + not FDR significant
rpoB_S531F,2.0007061484658144e-05,1,0.14,0.0,0.22,0.0,1.0,1.0,False,147,133,Lower ML importance + not FDR significant
blaACT-17,1.870505464354702e-05,3,0.42,0.0,0.67,0.0,0.2912043458159962,0.6197988904299583,False,148,74,Lower ML importance + not FDR significant
blaCARB-2,1.7342413328376958e-05,1,0.14,0.0,0.22,0.0,1.0,1.0,False,149,133,Lower ML importance + not FDR significant
fosA3,1.3669019098186358e-05,1,0.14,0.0,0.22,0.0,1.0,1.0,False,150,133,Lower ML importance + not FDR significant
blaACT-15,1.2034910147446005e-05,1,0.14,0.0,0.22,0.0,1.0,1.0,False,151,133,Lower ML importance + not FDR significant
blaCTX-M-65,1.1614088831761226e-05,1,0.14,0.0,0.22,0.0,1.0,1.0,False,152,133,Lower ML importance + not FDR significant
aac(6')-If,9.370654664290631e-06,1,0.14,0.0,0.22,0.0,1.0,1.0,False,153,133,Lower ML importance + not FDR significant
blaCMY,9.015415831370455e-06,1,0.14,0.0,0.22,0.0,1.0,1.0,False,154,133,Lower ML importance + not FDR significant
folP_P64S,6.607739119049405e-06,1,0.14,0.0,0.22,0.0,1.0,1.0,False,155,133,Lower ML importance + not FDR significant
nfsA_Q44STOP,6.355693969109782e-06,1,0.14,0.0,0.22,0.0,1.0,1.0,False,156,133,Lower ML importance + not FDR significant
blaCMY-145,5.258378431743111e-06,1,0.14,0.36,0.0,,0.3814147018030512,0.6197988904299583,False,157,74,Lower ML importance + not FDR significant
blaMIR-3,2.1149400449241293e-06,1,0.14,0.0,0.22,0.0,1.0,1.0,False,158,133,Lower ML importance + not FDR significant
blaACT,2.009503997750441e-06,1,0.14,0.0,0.22,0.0,1.0,1.0,False,159,133,Lower ML importance + not FDR significant
nfsA_S33R,1.7829092323452044e-06,1,0.14,0.36,0.0,,0.3814147018030512,0.6197988904299583,False,160,74,Lower ML importance + not FDR significant
qepA8,4.455364491550034e-08,1,0.14,0.36,0.0,,0.3814147018030512,0.6197988904299583,False,161,74,Lower ML importance + not FDR significant
blaACT-16,6.243677649409978e-19,1,0.14,0.0,0.22,0.0,1.0,1.0,False,162,133,Lower ML importance + not FDR significant
parC_A108T,0.0,2,0.28,0.73,0.0,,0.1451494837417167,0.3942866573282454,False,163,58,Lower ML importance + not FDR significant
blaSHV,0.0,1,0.14,0.0,0.22,0.0,1.0,1.0,False,163,133,Lower ML importance + not FDR significant
marR_V45E,0.0,1,0.14,0.0,0.22,0.0,1.0,1.0,False,163,133,Lower ML importance + not FDR significant
qnrS2,0.0,1,0.14,0.0,0.22,0.0,1.0,1.0,False,163,133,Lower ML importance + not FDR significant
blaTEM-29,0.0,1,0.14,0.36,0.0,,0.3814147018030512,0.6197988904299583,False,163,74,Lower ML importance + not FDR significant
blaNDM,0.0,1,0.14,0.0,0.22,0.0,1.0,1.0,False,163,133,Lower ML importance + not FDR significant
nfsA_K141STOP,0.0,1,0.14,0.36,0.0,,0.3814147018030512,0.6197988904299583,False,163,74,Lower ML importance + not FDR significant
blaOXA-10,0.0,1,0.14,0.36,0.0,,0.3814147018030512,0.6197988904299583,False,163,74,Lower ML importance + not FDR significant
aph(3')-VI,0.0,1,0.14,0.36,0.0,,0.3814147018030512,0.6197988904299583,False,163,74,Lower ML importance + not FDR significant
rmtB,0.0,1,0.14,0.36,0.0,,0.3814147018030512,0.6197988904299583,False,163,74,Lower ML importance + not FDR significant
aac(6')-Il,0.0,2,0.28,0.73,0.0,,0.1451494837417167,0.3942866573282454,False,163,58,Lower ML importance + not FDR significant
nfsA_R203C,0.0,1,0.14,0.36,0.0,,0.3814147018030512,0.6197988904299583,False,163,74,Lower ML importance + not FDR significant
blaVIM-1,0.0,1,0.14,0.36,0.0,,0.3814147018030512,0.6197988904299583,False,163,74,Lower ML importance + not FDR significant
smr,0.0,1,0.14,0.36,0.0,,0.3814147018030512,0.6197988904299583,False,163,74,Lower ML importance + not FDR significant
gyrA_S83V,0.0,1,0.14,0.36,0.0,,0.3814147018030512,0.6197988904299583,False,163,74,Lower ML importance + not FDR significant
blaVIM,0.0,1,0.14,0.0,0.22,0.0,1.0,1.0,False,163,133,Lower ML importance + not FDR significant
blaOXA-484,0.0,1,0.14,0.36,0.0,,0.3814147018030512,0.6197988904299583,False,163,74,Lower ML importance + not FDR significant
blaOXA-519,0.0,1,0.14,0.0,0.22,0.0,1.0,1.0,False,163,133,Lower ML importance + not FDR significant
aac(6')-Ib-cr,0.0,1,0.14,0.36,0.0,,0.3814147018030512,0.6197988904299583,False,163,74,Lower ML importance + not FDR significant
blaTEM-35,0.0,1,0.14,0.0,0.22,0.0,1.0,1.0,False,163,133,Lower ML importance + not FDR significant
