rf_rank,feature,importance,odds_ratio,fdr_p_value,prevalence_resistant_percent,prevalence_susceptible_percent,evidence_category
1,parC_S80I,0.1947863410712065,369.848275862069,1.2362791435681666e-141,89.45,2.24,High ML importance + significant association
2,gyrA_D87N,0.1565059277245561,363.4791666666667,9.439749646986067e-137,86.91,1.79,High ML importance + significant association
3,gyrA_S83L,0.1274808026692886,127.20050441361916,6.210091795222401e-115,95.27,13.68,High ML importance + significant association
4,parC_E84V,0.0682663970773175,115.14018691588784,4.187676746057921e-79,61.09,1.35,High ML importance + significant association
5,ptsI_V25I,0.032593796874324,13.11111111111111,2.9295930270144147e-47,64.36,12.11,High ML importance + significant association
6,parE_I529L,0.0311257276260281,13.18238993710692,2.9295930270144147e-47,64.0,11.88,High ML importance + significant association
7,uhpT_E350Q,0.0262840135732292,9.165343915343914,1.7692059784200258e-39,74.55,24.22,High ML importance + significant association
8,parE_S458A,0.0214545628069064,73.53813559322033,2.016636034237437e-15,14.18,0.22,High ML importance + significant association
9,mph(A),0.0198570358689226,7.42,1.4538011993696788e-31,60.0,16.82,High ML importance + significant association
10,tet(A),0.0183440522558601,7.316119691119691,5.938867270823297e-31,59.27,16.59,High ML importance + significant association
11,blaCTX-M-15,0.0164947026284691,10.512820512820513,2.9793044067791417e-33,48.0,8.07,High ML importance + significant association
12,catB3,0.0148739331466909,41.25,3.085939918295137e-38,36.0,1.35,High ML importance + significant association
13,aac(6')-Ib-cr5,0.014766020916299,52.00231213872832,8.365161394806946e-41,37.09,1.12,High ML importance + significant association
14,qacEdelta1,0.0141338892892119,5.373556899395272,2.976558542794989e-24,62.91,23.99,High ML importance + significant association
15,aac(3)-IId,0.0120968329044164,2.728652081863091,5.937856296985609e-05,20.73,8.74,High ML importance + significant association
16,blaOXA-1,0.0120578106894443,21.657945736434108,9.678386310239267e-35,37.45,2.69,High ML importance + significant association
17,sul1,0.0110522125354788,5.180748663101604,2.1213210125378057e-23,62.91,24.66,High ML importance + significant association
18,aadA5,0.0102112724650499,6.670212765957447,2.66181000572428e-23,44.0,10.54,High ML importance + significant association
19,dfrA17,0.0096449787757726,6.270482461694314,5.546795014735077e-23,45.82,11.88,High ML importance + significant association
