genome_id,blaCTX-M-15,cyaA_S352T,aac(3)-IIe,catB3,blaOXA-1,aac(6')-Ib-cr5,glpT_E448K,parE_I529L,parC_E84V,parC_S80I,gyrA_D87N,gyrA_S83L,pmrB_E123D,blaTEM-1,uhpT_E350Q,aac(3)-IId,ptsI_V25I,marR_S3N,ampC_T-32A,sul1,qacEdelta1,aadA1,catA1,tet(B),aph(3'')-Ib,aph(6)-Id,qnrS1,sul2,dfrA14,gyrA_S83I,sat2,dfrA1,aac(6')-If,parC_S80R,blaCMY,parE_D475E,blaTEM,dfrA17,aadA5,mph(A),tet(A),parC_A108T,parE_L416F,pmrB_V161G,parC_S57T,parE_S458A,qacE,dfrA7,erm(B),tet(D),nfsA_G131D,blaCTX-M-27,dfrA8,blaOXA,blaCTX-M-1,blaTEM-135,pmrB_Y358N,blaCMY-2,dfrA12,aadA2,blaTEM-30,blaCTX-M-14,blaOXA-48,blaCTX-M-65,fosA3,aadA3,qacL,sul3,qnrS13,floR,blaSHV-12,aadA22,lnu(F),dfrA5,ampC_C-42T,parE_S458T,blaTEM-31,cmlA1,blaCTX-M-8,aph(3')-Ia,gyrA_D87Y,marR_V45E,gyrA_S83A,parE_I355T,parC_E84G,qnrS2,gyrA_D87G,blaSHV-1,ant(2'')-Ia,cmlA6,aph(4)-Ia,aac(3)-IVa,rpoB_V146F,blaTEM-40,oqxA,oqxB,fosA,blaACT-15,aac(6')-Ib3,blaCTX-M-9,qnrA1,dfrA16,soxR_G121D,blaLAP-2,nfsA_Q44STOP,dfrA36,rpoB_S531F,rpoB_Q148L,qnrB4,blaDHA-1,nfsA_S33R,blaCTX-M,blaTEM-29,blaSHV,ampC_C-11T,dfrA19,qnrB19,blaCTX-M-3,mph(B),blaCARB-2,qnrB,parC_A56T,parE_L445H,blaMIR-3,arr-3,blaKPC-2,blaACT,tet(M),qacF,blaVIM-4,blaOXA-2,blaOXA-244,ftsI_I336IKYRI,ble,blaNDM-5,rmtB1,blaCMY-145,ftsI_N337NYRIN,qepA8,blaNDM,marR_E31STOP,catA2,blaNDM-1,aac(6')-IIc,aac(3)-IIg,arr,ere(A),blaOXA-181,parE_E460K,qnrB1,rmtB,blaCTX-M-55,blaCMY-42,aph(3')-VI,blaOXA-10,aac(6')-Il,aac(6')-Ib4,blaIMP-1,parC_E84K,ampC_T-14TGT,blaACT-17,soxS_A12S,blaACT-16,catA,tet(J),nfsA_K141STOP,nfsA_R203C,blaOXA-484,blaOXA-519,blaVIM,gyrA_S83V,smr,blaVIM-1,blaTEM-33,acrR_R45C,basR_S39I,dfrA29,folP_P64S,aac(6')-Ib-cr,blaTEM-176,aph(3')-IIa,blaTEM-35,cip_resistant,predicted_cip_resistant,resistance_probability,prediction_confidence,prediction_type
B15,0,0,0,0,0,0,1,0,0,1,0,1,1,1,1,1,1,0,0,1,1,0,0,0,1,1,0,1,0,0,0,0,0,0,0,0,0,1,1,1,1,1,0,0,0,0,0,0,0,0,0,0,0,0,0,0,0,0,0,0,0,0,0,0,0,0,0,0,0,0,0,0,0,0,0,0,0,0,0,0,0,0,0,0,0,0,0,0,0,0,0,0,0,0,0,0,0,0,0,0,0,0,0,0,0,0,0,0,0,0,0,0,0,0,0,0,0,0,0,0,0,0,0,0,0,0,0,0,0,0,0,0,0,0,0,0,0,0,0,0,0,0,0,0,0,0,0,0,0,0,0,0,0,0,0,0,0,0,0,0,0,0,0,0,0,0,0,0,0,0,0,0,0,0,0,0,0,0,0,0,0,0,1,0,0.34,0.3199999999999999,False Negative
C54,0,0,0,0,0,0,1,1,0,0,0,1,1,0,1,0,1,0,0,1,1,0,0,0,1,1,0,1,0,0,0,0,0,0,0,0,0,1,1,1,1,0,0,0,0,0,0,0,0,0,0,0,0,0,0,0,0,0,0,0,0,0,0,0,0,0,0,0,0,0,0,0,0,0,0,0,0,0,0,0,0,0,0,0,0,0,0,0,0,0,0,0,0,0,0,0,0,0,0,0,0,0,0,0,0,0,0,0,0,0,0,0,0,0,0,0,0,0,0,0,0,0,0,0,0,0,0,0,0,0,0,0,0,0,0,0,0,0,0,0,0,0,0,0,0,0,0,0,0,0,0,0,0,0,0,0,0,0,0,0,0,0,0,0,0,0,0,0,0,0,0,0,0,0,0,0,0,0,0,0,0,0,1,0,0.0586323268206039,0.8827353463587921,False Negative
J63,0,0,0,0,0,0,1,0,0,0,0,0,1,1,0,0,0,1,0,0,0,0,0,0,0,0,1,0,0,0,0,0,0,0,0,0,0,0,0,0,0,0,0,0,0,0,0,0,0,0,0,0,0,0,0,0,0,0,0,0,0,0,0,0,0,0,0,0,0,0,0,0,0,0,0,0,0,0,0,0,0,0,0,0,0,0,0,0,0,0,0,0,0,0,0,0,0,0,0,0,0,0,0,0,0,0,0,0,0,0,0,0,0,0,0,0,0,0,0,0,0,0,0,0,0,0,0,0,0,0,0,0,0,0,0,0,0,0,0,0,0,0,0,0,0,0,0,0,0,0,0,0,0,0,0,0,0,0,0,0,0,0,0,0,0,0,0,0,0,0,0,0,0,0,0,0,0,0,0,0,0,0,1,0,0.0290250558347291,0.9419498883305418,False Negative
H33,0,1,0,0,0,0,1,0,0,1,0,0,0,0,0,0,0,0,0,0,0,0,0,0,1,1,0,1,0,0,0,0,0,0,0,0,0,0,0,0,0,0,0,0,0,0,0,0,0,0,0,0,0,0,0,0,0,0,0,0,0,0,0,0,0,0,0,0,0,0,0,0,0,0,0,0,0,0,0,0,0,0,0,0,0,0,0,0,0,0,0,0,0,0,0,0,0,0,0,0,0,0,0,0,0,0,0,0,0,0,0,0,0,0,0,0,0,0,0,0,0,0,0,0,0,0,0,0,0,0,0,1,0,0,0,0,0,0,0,0,0,0,0,0,0,0,0,0,0,0,0,0,0,0,0,0,0,0,0,0,0,0,0,0,0,0,0,0,0,0,0,0,0,0,0,0,0,0,0,0,0,0,0,1,0.523382251782053,0.046764503564106,False Positive
I14,1,0,1,1,1,1,1,0,0,0,0,1,1,0,0,0,0,0,0,0,0,0,0,0,0,0,0,0,0,0,0,0,0,0,0,0,0,0,0,0,1,0,0,0,0,0,0,0,0,0,0,0,0,0,0,0,0,0,0,0,0,0,0,0,0,0,0,0,0,0,0,0,0,0,0,0,0,0,0,0,0,0,0,0,0,0,0,0,0,0,0,0,0,0,0,0,0,0,0,0,0,0,0,0,0,0,0,0,0,0,0,0,0,0,0,0,0,0,0,0,0,0,0,0,0,0,0,0,0,0,0,0,0,0,0,0,0,0,0,0,0,0,0,0,0,0,0,0,0,0,0,0,0,0,0,0,0,0,0,0,0,0,0,0,0,1,0,0,0,0,0,0,0,0,0,0,0,0,0,0,0,0,1,0,0.2128577538918746,0.5742844922162508,False Negative
H78,0,1,0,0,0,0,1,0,0,1,0,1,0,1,1,0,0,0,0,0,0,1,0,0,1,1,0,1,0,0,0,0,0,0,0,0,0,0,0,0,1,0,0,0,0,1,0,0,0,0,0,0,0,0,0,0,0,1,0,0,0,0,0,0,0,0,0,0,0,1,0,0,0,0,0,0,0,0,0,0,1,0,0,0,0,0,0,0,0,0,0,0,0,0,0,0,0,0,0,0,0,0,0,0,0,0,0,0,0,0,0,0,0,0,0,0,0,0,0,0,0,0,0,0,0,0,0,0,0,0,0,0,0,0,0,0,0,0,0,0,0,0,0,0,0,0,0,0,0,0,0,0,0,0,0,0,0,0,0,0,0,0,0,0,0,0,0,0,0,0,0,0,0,0,0,0,0,0,0,0,0,0,0,1,0.81,0.6200000000000001,False Positive
J2,0,1,0,0,0,0,1,0,0,0,0,0,0,1,0,0,0,0,0,0,1,0,0,0,0,0,1,0,0,0,0,0,0,0,0,0,0,0,0,1,0,0,0,0,0,0,0,0,1,0,0,0,0,0,0,0,0,0,0,0,0,0,0,0,0,0,0,0,0,0,0,0,0,0,0,0,0,0,0,0,0,0,0,0,0,0,0,0,0,0,0,0,0,0,0,0,0,0,0,0,0,0,0,0,0,0,0,0,0,0,0,0,0,0,0,0,0,0,0,0,0,0,0,0,0,0,0,0,0,0,0,0,0,0,0,0,0,0,0,0,0,0,0,0,0,0,0,0,0,0,0,0,0,0,0,1,0,0,0,0,0,0,0,0,0,0,0,0,0,0,1,1,1,0,0,0,0,0,0,0,0,0,1,0,0.044,0.912,False Negative
J13,1,0,1,1,1,1,1,1,1,1,1,1,1,0,1,0,1,0,0,1,1,0,0,0,0,0,0,0,0,0,0,0,0,0,0,0,0,0,1,1,1,0,0,0,0,0,0,0,0,0,0,0,0,0,0,0,0,0,0,0,0,0,0,0,0,0,0,0,0,0,0,0,0,0,0,0,0,0,0,0,0,0,0,0,0,0,0,0,0,0,0,0,0,0,0,0,0,0,0,0,0,0,0,0,0,0,0,0,0,0,0,0,0,0,0,0,0,0,0,0,0,0,0,0,0,0,0,0,0,0,0,0,0,0,0,0,0,0,0,0,0,0,0,0,0,0,0,0,0,0,0,0,0,0,0,0,0,0,0,0,0,0,0,0,0,0,0,0,0,0,0,0,0,0,0,0,0,0,0,0,0,0,0,1,0.998,0.996,False Positive
I74,1,0,0,0,0,0,1,1,0,0,0,1,1,1,1,1,1,0,0,1,1,0,0,0,1,1,0,1,0,0,0,0,0,0,0,0,0,1,1,1,1,0,0,0,0,0,0,0,0,0,0,0,0,0,0,0,0,0,0,0,0,0,0,0,0,0,0,0,0,0,0,0,0,0,0,0,0,0,0,0,0,0,0,0,0,0,0,0,0,0,0,0,0,0,0,0,0,0,0,0,0,0,0,0,0,0,0,0,0,0,0,0,0,0,0,0,0,0,0,0,0,0,0,0,0,0,0,0,0,0,0,1,0,0,0,0,0,0,0,0,0,0,0,0,0,0,0,0,0,0,0,0,0,0,0,0,0,0,0,0,0,0,0,0,0,0,0,0,0,0,0,0,0,0,0,0,0,0,0,0,0,0,1,0,0.05,0.9,False Negative
